role,optimizer_a,optimizer_b,delta_definition,config_hash_a,config_hash_b,lr_a,weight_decay_a,lr_b,weight_decay_b,checkpoint_role,definition_version,evaluation_git_sha,inventory_hash,dataset_policy_hash,analysis_dtype,metric_name,artifact_key,formula_id,reporting_tier,direction,fit_split,query_split,transform,seed0_delta,seed1_delta,seed2_delta,mean_delta,sample_sd_delta_ddof1,formatted_delta
C1,sgd,adam,optimizer_a_minus_optimizer_b_seed_matched,188f2e248d512bb338cd5c33c140337ac59206948aa209631ca797a09d4b9eb2,b701f780ad99d469949a985b0472b8d1f26be0545e531d92895b7559ca142328,0.1,0.0005,0.0003,0.0,last,metric_contract_v1.2,c38b09694be88aa74de0741b39e9d3ba0d6ff61a,35a1a66f78dfd6255c4d804586ee6863969be78d21acec5cd0ccf00476ddaa5c,f80984d28ef9a7550633fb3aea514f783f3db1fa655a6d3f49850b10857e6afc,float64,Accuracy,id/accuracy,ID-1,primary,up,,id_test,raw_logits,0.013699999999999934,0.01860000000000006,0.014499999999999957,0.015599999999999984,0.0026286878856190505,0.015600 ± 0.002629
C1,sgd,adam,optimizer_a_minus_optimizer_b_seed_matched,188f2e248d512bb338cd5c33c140337ac59206948aa209631ca797a09d4b9eb2,b701f780ad99d469949a985b0472b8d1f26be0545e531d92895b7559ca142328,0.1,0.0005,0.0003,0.0,last,metric_contract_v1.2,c38b09694be88aa74de0741b39e9d3ba0d6ff61a,35a1a66f78dfd6255c4d804586ee6863969be78d21acec5cd0ccf00476ddaa5c,f80984d28ef9a7550633fb3aea514f783f3db1fa655a6d3f49850b10857e6afc,float64,NLL,id/nll_raw,ID-2,primary,down,,id_test,raw_logits,-0.2038998522179374,-0.2314581207632058,-0.21624367444901751,-0.2172005491433869,0.01380403014299902,-0.217201 ± 0.013804
C1,sgd,adam,optimizer_a_minus_optimizer_b_seed_matched,188f2e248d512bb338cd5c33c140337ac59206948aa209631ca797a09d4b9eb2,b701f780ad99d469949a985b0472b8d1f26be0545e531d92895b7559ca142328,0.1,0.0005,0.0003,0.0,last,metric_contract_v1.2,c38b09694be88aa74de0741b39e9d3ba0d6ff61a,35a1a66f78dfd6255c4d804586ee6863969be78d21acec5cd0ccf00476ddaa5c,f80984d28ef9a7550633fb3aea514f783f3db1fa655a6d3f49850b10857e6afc,float64,ECE-M15,id/ece_raw_m15,ID-3,primary,down,,id_test,raw_logits,-0.016119193987825624,-0.020082682911970705,-0.016940619154150606,-0.017714165351315644,0.0020919109451208845,-0.017714 ± 0.002092
C1,sgd,adam,optimizer_a_minus_optimizer_b_seed_matched,188f2e248d512bb338cd5c33c140337ac59206948aa209631ca797a09d4b9eb2,b701f780ad99d469949a985b0472b8d1f26be0545e531d92895b7559ca142328,0.1,0.0005,0.0003,0.0,last,metric_contract_v1.2,c38b09694be88aa74de0741b39e9d3ba0d6ff61a,35a1a66f78dfd6255c4d804586ee6863969be78d21acec5cd0ccf00476ddaa5c,f80984d28ef9a7550633fb3aea514f783f3db1fa655a6d3f49850b10857e6afc,float64,Misclass. AUROC,id/misclassification_auroc_msp_raw,ID-5,primary,up,,id_test,raw_logits,0.005849753141715652,0.0027728217475594397,0.008123503924817643,0.005582026271364245,0.0026853692852824296,0.005582 ± 0.002685
C1,sgd,adam,optimizer_a_minus_optimizer_b_seed_matched,188f2e248d512bb338cd5c33c140337ac59206948aa209631ca797a09d4b9eb2,b701f780ad99d469949a985b0472b8d1f26be0545e531d92895b7559ca142328,0.1,0.0005,0.0003,0.0,last,metric_contract_v1.2,c38b09694be88aa74de0741b39e9d3ba0d6ff61a,35a1a66f78dfd6255c4d804586ee6863969be78d21acec5cd0ccf00476ddaa5c,f80984d28ef9a7550633fb3aea514f783f3db1fa655a6d3f49850b10857e6afc,float64,AUGRC,id/augrc_msp_raw,ID-6,primary,down,,id_test,raw_logits,-0.0018159249999999951,-0.002243105000000005,-0.00204976999999999,-0.0020362666666666634,0.0002139098948350341,-0.002036 ± 0.000214
C1,sgd,adamw,optimizer_a_minus_optimizer_b_seed_matched,188f2e248d512bb338cd5c33c140337ac59206948aa209631ca797a09d4b9eb2,61d7d1f20bc593cc2d106f24f0343084f56f811c8ebc63c856eaced34c50b65f,0.1,0.0005,0.003,0.1,last,metric_contract_v1.2,c38b09694be88aa74de0741b39e9d3ba0d6ff61a,35a1a66f78dfd6255c4d804586ee6863969be78d21acec5cd0ccf00476ddaa5c,f80984d28ef9a7550633fb3aea514f783f3db1fa655a6d3f49850b10857e6afc,float64,Accuracy,id/accuracy,ID-1,primary,up,,id_test,raw_logits,0.0030999999999999917,0.0030999999999999917,-0.0013000000000000789,0.0016333333333333015,0.002540341184434394,0.001633 ± 0.002540
C1,sgd,adamw,optimizer_a_minus_optimizer_b_seed_matched,188f2e248d512bb338cd5c33c140337ac59206948aa209631ca797a09d4b9eb2,61d7d1f20bc593cc2d106f24f0343084f56f811c8ebc63c856eaced34c50b65f,0.1,0.0005,0.003,0.1,last,metric_contract_v1.2,c38b09694be88aa74de0741b39e9d3ba0d6ff61a,35a1a66f78dfd6255c4d804586ee6863969be78d21acec5cd0ccf00476ddaa5c,f80984d28ef9a7550633fb3aea514f783f3db1fa655a6d3f49850b10857e6afc,float64,NLL,id/nll_raw,ID-2,primary,down,,id_test,raw_logits,-0.09833578432516035,-0.10221843411894174,-0.10318669166875008,-0.1012469700376174,0.0025672226938854973,-0.101247 ± 0.002567
C1,sgd,adamw,optimizer_a_minus_optimizer_b_seed_matched,188f2e248d512bb338cd5c33c140337ac59206948aa209631ca797a09d4b9eb2,61d7d1f20bc593cc2d106f24f0343084f56f811c8ebc63c856eaced34c50b65f,0.1,0.0005,0.003,0.1,last,metric_contract_v1.2,c38b09694be88aa74de0741b39e9d3ba0d6ff61a,35a1a66f78dfd6255c4d804586ee6863969be78d21acec5cd0ccf00476ddaa5c,f80984d28ef9a7550633fb3aea514f783f3db1fa655a6d3f49850b10857e6afc,float64,ECE-M15,id/ece_raw_m15,ID-3,primary,down,,id_test,raw_logits,-0.007757241482302932,-0.006252587424848792,-0.003722429283975391,-0.005910752730375705,0.002039010933688761,-0.005911 ± 0.002039
C1,sgd,adamw,optimizer_a_minus_optimizer_b_seed_matched,188f2e248d512bb338cd5c33c140337ac59206948aa209631ca797a09d4b9eb2,61d7d1f20bc593cc2d106f24f0343084f56f811c8ebc63c856eaced34c50b65f,0.1,0.0005,0.003,0.1,last,metric_contract_v1.2,c38b09694be88aa74de0741b39e9d3ba0d6ff61a,35a1a66f78dfd6255c4d804586ee6863969be78d21acec5cd0ccf00476ddaa5c,f80984d28ef9a7550633fb3aea514f783f3db1fa655a6d3f49850b10857e6afc,float64,Misclass. AUROC,id/misclassification_auroc_msp_raw,ID-5,primary,up,,id_test,raw_logits,0.0031432863105269604,-0.0020854457826411377,0.01084697352112618,0.003968271349670667,0.006505560506076443,0.003968 ± 0.006506
C1,sgd,adamw,optimizer_a_minus_optimizer_b_seed_matched,188f2e248d512bb338cd5c33c140337ac59206948aa209631ca797a09d4b9eb2,61d7d1f20bc593cc2d106f24f0343084f56f811c8ebc63c856eaced34c50b65f,0.1,0.0005,0.003,0.1,last,metric_contract_v1.2,c38b09694be88aa74de0741b39e9d3ba0d6ff61a,35a1a66f78dfd6255c4d804586ee6863969be78d21acec5cd0ccf00476ddaa5c,f80984d28ef9a7550633fb3aea514f783f3db1fa655a6d3f49850b10857e6afc,float64,AUGRC,id/augrc_msp_raw,ID-6,primary,down,,id_test,raw_logits,-0.00046913500000000247,-0.00023108499999999503,-0.0003403249999999894,-0.00034684833333332895,0.00011915899476470201,-0.000347 ± 0.000119
C1,adam,adamw,optimizer_a_minus_optimizer_b_seed_matched,b701f780ad99d469949a985b0472b8d1f26be0545e531d92895b7559ca142328,61d7d1f20bc593cc2d106f24f0343084f56f811c8ebc63c856eaced34c50b65f,0.0003,0.0,0.003,0.1,last,metric_contract_v1.2,c38b09694be88aa74de0741b39e9d3ba0d6ff61a,35a1a66f78dfd6255c4d804586ee6863969be78d21acec5cd0ccf00476ddaa5c,f80984d28ef9a7550633fb3aea514f783f3db1fa655a6d3f49850b10857e6afc,float64,Accuracy,id/accuracy,ID-1,primary,up,,id_test,raw_logits,-0.010599999999999943,-0.01550000000000007,-0.015800000000000036,-0.013966666666666683,0.0029194748386197297,-0.013967 ± 0.002919
C1,adam,adamw,optimizer_a_minus_optimizer_b_seed_matched,b701f780ad99d469949a985b0472b8d1f26be0545e531d92895b7559ca142328,61d7d1f20bc593cc2d106f24f0343084f56f811c8ebc63c856eaced34c50b65f,0.0003,0.0,0.003,0.1,last,metric_contract_v1.2,c38b09694be88aa74de0741b39e9d3ba0d6ff61a,35a1a66f78dfd6255c4d804586ee6863969be78d21acec5cd0ccf00476ddaa5c,f80984d28ef9a7550633fb3aea514f783f3db1fa655a6d3f49850b10857e6afc,float64,NLL,id/nll_raw,ID-2,primary,down,,id_test,raw_logits,0.10556406789277706,0.12923968664426405,0.11305698278026743,0.11595357910576952,0.012100679052066654,0.115954 ± 0.012101
C1,adam,adamw,optimizer_a_minus_optimizer_b_seed_matched,b701f780ad99d469949a985b0472b8d1f26be0545e531d92895b7559ca142328,61d7d1f20bc593cc2d106f24f0343084f56f811c8ebc63c856eaced34c50b65f,0.0003,0.0,0.003,0.1,last,metric_contract_v1.2,c38b09694be88aa74de0741b39e9d3ba0d6ff61a,35a1a66f78dfd6255c4d804586ee6863969be78d21acec5cd0ccf00476ddaa5c,f80984d28ef9a7550633fb3aea514f783f3db1fa655a6d3f49850b10857e6afc,float64,ECE-M15,id/ece_raw_m15,ID-3,primary,down,,id_test,raw_logits,0.008361952505522692,0.013830095487121913,0.013218189870175215,0.01180341262093994,0.0029960545581678754,0.011803 ± 0.002996
C1,adam,adamw,optimizer_a_minus_optimizer_b_seed_matched,b701f780ad99d469949a985b0472b8d1f26be0545e531d92895b7559ca142328,61d7d1f20bc593cc2d106f24f0343084f56f811c8ebc63c856eaced34c50b65f,0.0003,0.0,0.003,0.1,last,metric_contract_v1.2,c38b09694be88aa74de0741b39e9d3ba0d6ff61a,35a1a66f78dfd6255c4d804586ee6863969be78d21acec5cd0ccf00476ddaa5c,f80984d28ef9a7550633fb3aea514f783f3db1fa655a6d3f49850b10857e6afc,float64,Misclass. AUROC,id/misclassification_auroc_msp_raw,ID-5,primary,up,,id_test,raw_logits,-0.002706466831188692,-0.004858267530200577,0.0027234695963085365,-0.0016137549216935776,0.003907198350702971,-0.001614 ± 0.003907
C1,adam,adamw,optimizer_a_minus_optimizer_b_seed_matched,b701f780ad99d469949a985b0472b8d1f26be0545e531d92895b7559ca142328,61d7d1f20bc593cc2d106f24f0343084f56f811c8ebc63c856eaced34c50b65f,0.0003,0.0,0.003,0.1,last,metric_contract_v1.2,c38b09694be88aa74de0741b39e9d3ba0d6ff61a,35a1a66f78dfd6255c4d804586ee6863969be78d21acec5cd0ccf00476ddaa5c,f80984d28ef9a7550633fb3aea514f783f3db1fa655a6d3f49850b10857e6afc,float64,AUGRC,id/augrc_msp_raw,ID-6,primary,down,,id_test,raw_logits,0.0013467899999999927,0.00201202000000001,0.0017094450000000004,0.0016894183333333345,0.0003330668682987534,0.001689 ± 0.000333
C2,sgd,adam,optimizer_a_minus_optimizer_b_seed_matched,86af0abedd46c2a0c8eddb4fea4739037bd2bfd7259cc44a9b8303088bfee3b9,db137e7d3c712f7a4752a4ecaee827c58ae25bc907f916dbab0de88a87e33211,0.3,0.0001,0.0003,0.001,last,metric_contract_v1.2,c38b09694be88aa74de0741b39e9d3ba0d6ff61a,35a1a66f78dfd6255c4d804586ee6863969be78d21acec5cd0ccf00476ddaa5c,f80984d28ef9a7550633fb3aea514f783f3db1fa655a6d3f49850b10857e6afc,float64,Accuracy,id/accuracy,ID-1,primary,up,,id_test,raw_logits,0.015599999999999947,0.018899999999999917,0.012199999999999989,0.015566666666666618,0.0033501243758005603,0.015567 ± 0.003350
C2,sgd,adam,optimizer_a_minus_optimizer_b_seed_matched,86af0abedd46c2a0c8eddb4fea4739037bd2bfd7259cc44a9b8303088bfee3b9,db137e7d3c712f7a4752a4ecaee827c58ae25bc907f916dbab0de88a87e33211,0.3,0.0001,0.0003,0.001,last,metric_contract_v1.2,c38b09694be88aa74de0741b39e9d3ba0d6ff61a,35a1a66f78dfd6255c4d804586ee6863969be78d21acec5cd0ccf00476ddaa5c,f80984d28ef9a7550633fb3aea514f783f3db1fa655a6d3f49850b10857e6afc,float64,NLL,id/nll_raw,ID-2,primary,down,,id_test,raw_logits,-0.067136592502795,-0.07385223450169756,-0.04515836321816713,-0.06204906340755323,0.015008223630068674,-0.062049 ± 0.015008
C2,sgd,adam,optimizer_a_minus_optimizer_b_seed_matched,86af0abedd46c2a0c8eddb4fea4739037bd2bfd7259cc44a9b8303088bfee3b9,db137e7d3c712f7a4752a4ecaee827c58ae25bc907f916dbab0de88a87e33211,0.3,0.0001,0.0003,0.001,last,metric_contract_v1.2,c38b09694be88aa74de0741b39e9d3ba0d6ff61a,35a1a66f78dfd6255c4d804586ee6863969be78d21acec5cd0ccf00476ddaa5c,f80984d28ef9a7550633fb3aea514f783f3db1fa655a6d3f49850b10857e6afc,float64,ECE-M15,id/ece_raw_m15,ID-3,primary,down,,id_test,raw_logits,-0.009474095311715162,-0.012281607591484077,-0.007287926937350857,-0.009681209946850032,0.0025032746499198573,-0.009681 ± 0.002503
C2,sgd,adam,optimizer_a_minus_optimizer_b_seed_matched,86af0abedd46c2a0c8eddb4fea4739037bd2bfd7259cc44a9b8303088bfee3b9,db137e7d3c712f7a4752a4ecaee827c58ae25bc907f916dbab0de88a87e33211,0.3,0.0001,0.0003,0.001,last,metric_contract_v1.2,c38b09694be88aa74de0741b39e9d3ba0d6ff61a,35a1a66f78dfd6255c4d804586ee6863969be78d21acec5cd0ccf00476ddaa5c,f80984d28ef9a7550633fb3aea514f783f3db1fa655a6d3f49850b10857e6afc,float64,Misclass. AUROC,id/misclassification_auroc_msp_raw,ID-5,primary,up,,id_test,raw_logits,0.012997137930759295,0.014266496878747814,0.008080096398846104,0.011781243736117738,0.0032675199683941196,0.011781 ± 0.003268
C2,sgd,adam,optimizer_a_minus_optimizer_b_seed_matched,86af0abedd46c2a0c8eddb4fea4739037bd2bfd7259cc44a9b8303088bfee3b9,db137e7d3c712f7a4752a4ecaee827c58ae25bc907f916dbab0de88a87e33211,0.3,0.0001,0.0003,0.001,last,metric_contract_v1.2,c38b09694be88aa74de0741b39e9d3ba0d6ff61a,35a1a66f78dfd6255c4d804586ee6863969be78d21acec5cd0ccf00476ddaa5c,f80984d28ef9a7550633fb3aea514f783f3db1fa655a6d3f49850b10857e6afc,float64,AUGRC,id/augrc_msp_raw,ID-6,primary,down,,id_test,raw_logits,-0.0024609999999999884,-0.0029661449999999825,-0.0018579999999999977,-0.002428381666666656,0.0005547921250417357,-0.002428 ± 0.000555
C3,sgd,adam,optimizer_a_minus_optimizer_b_seed_matched,f315d560c588b29298c6e3749f644634c09a1f3187eeea25d98e941c498f6242,b701f780ad99d469949a985b0472b8d1f26be0545e531d92895b7559ca142328,0.1,0.0,0.0003,0.0,last,metric_contract_v1.2,c38b09694be88aa74de0741b39e9d3ba0d6ff61a,35a1a66f78dfd6255c4d804586ee6863969be78d21acec5cd0ccf00476ddaa5c,f80984d28ef9a7550633fb3aea514f783f3db1fa655a6d3f49850b10857e6afc,float64,Accuracy,id/accuracy,ID-1,primary,up,,id_test,raw_logits,0.0014999999999999458,0.005800000000000027,0.0010999999999999899,0.002799999999999988,0.002605762844159109,0.002800 ± 0.002606
C3,sgd,adam,optimizer_a_minus_optimizer_b_seed_matched,f315d560c588b29298c6e3749f644634c09a1f3187eeea25d98e941c498f6242,b701f780ad99d469949a985b0472b8d1f26be0545e531d92895b7559ca142328,0.1,0.0,0.0003,0.0,last,metric_contract_v1.2,c38b09694be88aa74de0741b39e9d3ba0d6ff61a,35a1a66f78dfd6255c4d804586ee6863969be78d21acec5cd0ccf00476ddaa5c,f80984d28ef9a7550633fb3aea514f783f3db1fa655a6d3f49850b10857e6afc,float64,NLL,id/nll_raw,ID-2,primary,down,,id_test,raw_logits,-0.06801490718304021,-0.10191063137956119,-0.06853502412087747,-0.0794868542278263,0.01942130188015874,-0.079487 ± 0.019421
C3,sgd,adam,optimizer_a_minus_optimizer_b_seed_matched,f315d560c588b29298c6e3749f644634c09a1f3187eeea25d98e941c498f6242,b701f780ad99d469949a985b0472b8d1f26be0545e531d92895b7559ca142328,0.1,0.0,0.0003,0.0,last,metric_contract_v1.2,c38b09694be88aa74de0741b39e9d3ba0d6ff61a,35a1a66f78dfd6255c4d804586ee6863969be78d21acec5cd0ccf00476ddaa5c,f80984d28ef9a7550633fb3aea514f783f3db1fa655a6d3f49850b10857e6afc,float64,ECE-M15,id/ece_raw_m15,ID-3,primary,down,,id_test,raw_logits,-0.0035308245037738786,-0.007684901050651699,-0.004039225582258207,-0.005084983712227928,0.002265898395588031,-0.005085 ± 0.002266
C3,sgd,adam,optimizer_a_minus_optimizer_b_seed_matched,f315d560c588b29298c6e3749f644634c09a1f3187eeea25d98e941c498f6242,b701f780ad99d469949a985b0472b8d1f26be0545e531d92895b7559ca142328,0.1,0.0,0.0003,0.0,last,metric_contract_v1.2,c38b09694be88aa74de0741b39e9d3ba0d6ff61a,35a1a66f78dfd6255c4d804586ee6863969be78d21acec5cd0ccf00476ddaa5c,f80984d28ef9a7550633fb3aea514f783f3db1fa655a6d3f49850b10857e6afc,float64,Misclass. AUROC,id/misclassification_auroc_msp_raw,ID-5,primary,up,,id_test,raw_logits,0.005879227687817901,0.00923707096650117,0.007692504734741812,0.007602934463020294,0.0016807126453477414,0.007603 ± 0.001681
C3,sgd,adam,optimizer_a_minus_optimizer_b_seed_matched,f315d560c588b29298c6e3749f644634c09a1f3187eeea25d98e941c498f6242,b701f780ad99d469949a985b0472b8d1f26be0545e531d92895b7559ca142328,0.1,0.0,0.0003,0.0,last,metric_contract_v1.2,c38b09694be88aa74de0741b39e9d3ba0d6ff61a,35a1a66f78dfd6255c4d804586ee6863969be78d21acec5cd0ccf00476ddaa5c,f80984d28ef9a7550633fb3aea514f783f3db1fa655a6d3f49850b10857e6afc,float64,AUGRC,id/augrc_msp_raw,ID-6,primary,down,,id_test,raw_logits,-0.0005013399999999986,-0.0011937450000000013,-0.000570804999999985,-0.0007552966666666616,0.00038129260720388616,-0.000755 ± 0.000381
C3,sgd,adamw,optimizer_a_minus_optimizer_b_seed_matched,f315d560c588b29298c6e3749f644634c09a1f3187eeea25d98e941c498f6242,5742764ef3bd686abf56fbeafa222ed2fa2784afb6f787533493cfe88190f71f,0.1,0.0,0.001,0.0001,last,metric_contract_v1.2,c38b09694be88aa74de0741b39e9d3ba0d6ff61a,35a1a66f78dfd6255c4d804586ee6863969be78d21acec5cd0ccf00476ddaa5c,f80984d28ef9a7550633fb3aea514f783f3db1fa655a6d3f49850b10857e6afc,float64,Accuracy,id/accuracy,ID-1,primary,up,,id_test,raw_logits,0.0024999999999999467,0.005199999999999982,-0.0011999999999999789,0.00216666666666665,0.0032129944496268885,0.002167 ± 0.003213
C3,sgd,adamw,optimizer_a_minus_optimizer_b_seed_matched,f315d560c588b29298c6e3749f644634c09a1f3187eeea25d98e941c498f6242,5742764ef3bd686abf56fbeafa222ed2fa2784afb6f787533493cfe88190f71f,0.1,0.0,0.001,0.0001,last,metric_contract_v1.2,c38b09694be88aa74de0741b39e9d3ba0d6ff61a,35a1a66f78dfd6255c4d804586ee6863969be78d21acec5cd0ccf00476ddaa5c,f80984d28ef9a7550633fb3aea514f783f3db1fa655a6d3f49850b10857e6afc,float64,NLL,id/nll_raw,ID-2,primary,down,,id_test,raw_logits,-0.13052518380982153,-0.14667704337653886,-0.10710077028357118,-0.12810099915664386,0.019899192230008134,-0.128101 ± 0.019899
C3,sgd,adamw,optimizer_a_minus_optimizer_b_seed_matched,f315d560c588b29298c6e3749f644634c09a1f3187eeea25d98e941c498f6242,5742764ef3bd686abf56fbeafa222ed2fa2784afb6f787533493cfe88190f71f,0.1,0.0,0.001,0.0001,last,metric_contract_v1.2,c38b09694be88aa74de0741b39e9d3ba0d6ff61a,35a1a66f78dfd6255c4d804586ee6863969be78d21acec5cd0ccf00476ddaa5c,f80984d28ef9a7550633fb3aea514f783f3db1fa655a6d3f49850b10857e6afc,float64,ECE-M15,id/ece_raw_m15,ID-3,primary,down,,id_test,raw_logits,-0.0064125292958771216,-0.00810752810568069,-0.003024984556698987,-0.0058483473194189325,0.002587815335131949,-0.005848 ± 0.002588
C3,sgd,adamw,optimizer_a_minus_optimizer_b_seed_matched,f315d560c588b29298c6e3749f644634c09a1f3187eeea25d98e941c498f6242,5742764ef3bd686abf56fbeafa222ed2fa2784afb6f787533493cfe88190f71f,0.1,0.0,0.001,0.0001,last,metric_contract_v1.2,c38b09694be88aa74de0741b39e9d3ba0d6ff61a,35a1a66f78dfd6255c4d804586ee6863969be78d21acec5cd0ccf00476ddaa5c,f80984d28ef9a7550633fb3aea514f783f3db1fa655a6d3f49850b10857e6afc,float64,Misclass. AUROC,id/misclassification_auroc_msp_raw,ID-5,primary,up,,id_test,raw_logits,0.0032260122486713616,0.006754525153301438,0.00613237758720242,0.005370971663058406,0.0018834556181461894,0.005371 ± 0.001883
C3,sgd,adamw,optimizer_a_minus_optimizer_b_seed_matched,f315d560c588b29298c6e3749f644634c09a1f3187eeea25d98e941c498f6242,5742764ef3bd686abf56fbeafa222ed2fa2784afb6f787533493cfe88190f71f,0.1,0.0,0.001,0.0001,last,metric_contract_v1.2,c38b09694be88aa74de0741b39e9d3ba0d6ff61a,35a1a66f78dfd6255c4d804586ee6863969be78d21acec5cd0ccf00476ddaa5c,f80984d28ef9a7550633fb3aea514f783f3db1fa655a6d3f49850b10857e6afc,float64,AUGRC,id/augrc_msp_raw,ID-6,primary,down,,id_test,raw_logits,-0.00046995499999999413,-0.0009750599999999868,-0.00020441499999999078,-0.0005498099999999905,0.00039147930312469654,-0.000550 ± 0.000391
C3,adam,adamw,optimizer_a_minus_optimizer_b_seed_matched,b701f780ad99d469949a985b0472b8d1f26be0545e531d92895b7559ca142328,5742764ef3bd686abf56fbeafa222ed2fa2784afb6f787533493cfe88190f71f,0.0003,0.0,0.001,0.0001,last,metric_contract_v1.2,c38b09694be88aa74de0741b39e9d3ba0d6ff61a,35a1a66f78dfd6255c4d804586ee6863969be78d21acec5cd0ccf00476ddaa5c,f80984d28ef9a7550633fb3aea514f783f3db1fa655a6d3f49850b10857e6afc,float64,Accuracy,id/accuracy,ID-1,primary,up,,id_test,raw_logits,0.0010000000000000009,-0.0006000000000000449,-0.0022999999999999687,-0.0006333333333333376,0.001650252505931526,-0.000633 ± 0.001650
C3,adam,adamw,optimizer_a_minus_optimizer_b_seed_matched,b701f780ad99d469949a985b0472b8d1f26be0545e531d92895b7559ca142328,5742764ef3bd686abf56fbeafa222ed2fa2784afb6f787533493cfe88190f71f,0.0003,0.0,0.001,0.0001,last,metric_contract_v1.2,c38b09694be88aa74de0741b39e9d3ba0d6ff61a,35a1a66f78dfd6255c4d804586ee6863969be78d21acec5cd0ccf00476ddaa5c,f80984d28ef9a7550633fb3aea514f783f3db1fa655a6d3f49850b10857e6afc,float64,NLL,id/nll_raw,ID-2,primary,down,,id_test,raw_logits,-0.06251027662678132,-0.04476641199697767,-0.038565746162693704,-0.04861414492881757,0.012427345707047783,-0.048614 ± 0.012427
C3,adam,adamw,optimizer_a_minus_optimizer_b_seed_matched,b701f780ad99d469949a985b0472b8d1f26be0545e531d92895b7559ca142328,5742764ef3bd686abf56fbeafa222ed2fa2784afb6f787533493cfe88190f71f,0.0003,0.0,0.001,0.0001,last,metric_contract_v1.2,c38b09694be88aa74de0741b39e9d3ba0d6ff61a,35a1a66f78dfd6255c4d804586ee6863969be78d21acec5cd0ccf00476ddaa5c,f80984d28ef9a7550633fb3aea514f783f3db1fa655a6d3f49850b10857e6afc,float64,ECE-M15,id/ece_raw_m15,ID-3,primary,down,,id_test,raw_logits,-0.002881704792103243,-0.0004226270550289901,0.0010142410255592205,-0.0007633636071910042,0.001970196564311504,-0.000763 ± 0.001970
C3,adam,adamw,optimizer_a_minus_optimizer_b_seed_matched,b701f780ad99d469949a985b0472b8d1f26be0545e531d92895b7559ca142328,5742764ef3bd686abf56fbeafa222ed2fa2784afb6f787533493cfe88190f71f,0.0003,0.0,0.001,0.0001,last,metric_contract_v1.2,c38b09694be88aa74de0741b39e9d3ba0d6ff61a,35a1a66f78dfd6255c4d804586ee6863969be78d21acec5cd0ccf00476ddaa5c,f80984d28ef9a7550633fb3aea514f783f3db1fa655a6d3f49850b10857e6afc,float64,Misclass. AUROC,id/misclassification_auroc_msp_raw,ID-5,primary,up,,id_test,raw_logits,-0.002653215439146539,-0.0024825458131997324,-0.0015601271475393919,-0.0022319627999618876,0.0005880513482721354,-0.002232 ± 0.000588
C3,adam,adamw,optimizer_a_minus_optimizer_b_seed_matched,b701f780ad99d469949a985b0472b8d1f26be0545e531d92895b7559ca142328,5742764ef3bd686abf56fbeafa222ed2fa2784afb6f787533493cfe88190f71f,0.0003,0.0,0.001,0.0001,last,metric_contract_v1.2,c38b09694be88aa74de0741b39e9d3ba0d6ff61a,35a1a66f78dfd6255c4d804586ee6863969be78d21acec5cd0ccf00476ddaa5c,f80984d28ef9a7550633fb3aea514f783f3db1fa655a6d3f49850b10857e6afc,float64,AUGRC,id/augrc_msp_raw,ID-6,primary,down,,id_test,raw_logits,3.138500000000443e-05,0.00021868500000001446,0.0003663899999999942,0.00020548666666667104,0.00016789203229555542,0.000205 ± 0.000168
C4,sgd,adam,optimizer_a_minus_optimizer_b_seed_matched,7aa36ee28bf5fa9c0b29152bb63c02833c5c6d02ae2c4908d0256a35582c9d9c,3e2bac6d488d016b4c0a216c6e210e16bcc4ca139bf6356687dc98bc7c39ec78,0.3,0.0,0.0003,0.0001,last,metric_contract_v1.2,c38b09694be88aa74de0741b39e9d3ba0d6ff61a,35a1a66f78dfd6255c4d804586ee6863969be78d21acec5cd0ccf00476ddaa5c,f80984d28ef9a7550633fb3aea514f783f3db1fa655a6d3f49850b10857e6afc,float64,Accuracy,id/accuracy,ID-1,primary,up,,id_test,raw_logits,-0.006000000000000005,-0.0007000000000000339,0.0012999999999999678,-0.0018000000000000238,0.0037722672227719876,-0.001800 ± 0.003772
C4,sgd,adam,optimizer_a_minus_optimizer_b_seed_matched,7aa36ee28bf5fa9c0b29152bb63c02833c5c6d02ae2c4908d0256a35582c9d9c,3e2bac6d488d016b4c0a216c6e210e16bcc4ca139bf6356687dc98bc7c39ec78,0.3,0.0,0.0003,0.0001,last,metric_contract_v1.2,c38b09694be88aa74de0741b39e9d3ba0d6ff61a,35a1a66f78dfd6255c4d804586ee6863969be78d21acec5cd0ccf00476ddaa5c,f80984d28ef9a7550633fb3aea514f783f3db1fa655a6d3f49850b10857e6afc,float64,NLL,id/nll_raw,ID-2,primary,down,,id_test,raw_logits,0.0662455711608696,-0.007958025470166108,-0.006354682903896902,0.017310954262268863,0.04238620324003812,0.017311 ± 0.042386
C4,sgd,adam,optimizer_a_minus_optimizer_b_seed_matched,7aa36ee28bf5fa9c0b29152bb63c02833c5c6d02ae2c4908d0256a35582c9d9c,3e2bac6d488d016b4c0a216c6e210e16bcc4ca139bf6356687dc98bc7c39ec78,0.3,0.0,0.0003,0.0001,last,metric_contract_v1.2,c38b09694be88aa74de0741b39e9d3ba0d6ff61a,35a1a66f78dfd6255c4d804586ee6863969be78d21acec5cd0ccf00476ddaa5c,f80984d28ef9a7550633fb3aea514f783f3db1fa655a6d3f49850b10857e6afc,float64,ECE-M15,id/ece_raw_m15,ID-3,primary,down,,id_test,raw_logits,0.007372076843649392,0.00011320647813958112,-0.0007797047617511543,0.0022351928533459395,0.004471018392710742,0.002235 ± 0.004471
C4,sgd,adam,optimizer_a_minus_optimizer_b_seed_matched,7aa36ee28bf5fa9c0b29152bb63c02833c5c6d02ae2c4908d0256a35582c9d9c,3e2bac6d488d016b4c0a216c6e210e16bcc4ca139bf6356687dc98bc7c39ec78,0.3,0.0,0.0003,0.0001,last,metric_contract_v1.2,c38b09694be88aa74de0741b39e9d3ba0d6ff61a,35a1a66f78dfd6255c4d804586ee6863969be78d21acec5cd0ccf00476ddaa5c,f80984d28ef9a7550633fb3aea514f783f3db1fa655a6d3f49850b10857e6afc,float64,Misclass. AUROC,id/misclassification_auroc_msp_raw,ID-5,primary,up,,id_test,raw_logits,0.007948668248617063,0.01365966218091208,0.014025723462469775,0.01187801796399964,0.0034078353987240587,0.011878 ± 0.003408
C4,sgd,adam,optimizer_a_minus_optimizer_b_seed_matched,7aa36ee28bf5fa9c0b29152bb63c02833c5c6d02ae2c4908d0256a35582c9d9c,3e2bac6d488d016b4c0a216c6e210e16bcc4ca139bf6356687dc98bc7c39ec78,0.3,0.0,0.0003,0.0001,last,metric_contract_v1.2,c38b09694be88aa74de0741b39e9d3ba0d6ff61a,35a1a66f78dfd6255c4d804586ee6863969be78d21acec5cd0ccf00476ddaa5c,f80984d28ef9a7550633fb3aea514f783f3db1fa655a6d3f49850b10857e6afc,float64,AUGRC,id/augrc_msp_raw,ID-6,primary,down,,id_test,raw_logits,0.00024111499999999574,-0.0007399599999999918,-0.0009736450000000021,-0.0004908299999999994,0.0006445616976480963,-0.000491 ± 0.000645
C4,sgd,adamw,optimizer_a_minus_optimizer_b_seed_matched,7aa36ee28bf5fa9c0b29152bb63c02833c5c6d02ae2c4908d0256a35582c9d9c,4039a31891b5637f4198ad78f79d97e89aa97f4ccd6efa5779b14c5b4203059e,0.3,0.0,0.003,0.001,last,metric_contract_v1.2,c38b09694be88aa74de0741b39e9d3ba0d6ff61a,35a1a66f78dfd6255c4d804586ee6863969be78d21acec5cd0ccf00476ddaa5c,f80984d28ef9a7550633fb3aea514f783f3db1fa655a6d3f49850b10857e6afc,float64,Accuracy,id/accuracy,ID-1,primary,up,,id_test,raw_logits,-0.008599999999999941,-0.006700000000000039,-0.00040000000000006697,-0.005233333333333349,0.00429224106188514,-0.005233 ± 0.004292
C4,sgd,adamw,optimizer_a_minus_optimizer_b_seed_matched,7aa36ee28bf5fa9c0b29152bb63c02833c5c6d02ae2c4908d0256a35582c9d9c,4039a31891b5637f4198ad78f79d97e89aa97f4ccd6efa5779b14c5b4203059e,0.3,0.0,0.003,0.001,last,metric_contract_v1.2,c38b09694be88aa74de0741b39e9d3ba0d6ff61a,35a1a66f78dfd6255c4d804586ee6863969be78d21acec5cd0ccf00476ddaa5c,f80984d28ef9a7550633fb3aea514f783f3db1fa655a6d3f49850b10857e6afc,float64,NLL,id/nll_raw,ID-2,primary,down,,id_test,raw_logits,-0.04819481620967753,-0.06798026110485339,-0.11237802076349818,-0.0761843660260097,0.03286870000269864,-0.076184 ± 0.032869
C4,sgd,adamw,optimizer_a_minus_optimizer_b_seed_matched,7aa36ee28bf5fa9c0b29152bb63c02833c5c6d02ae2c4908d0256a35582c9d9c,4039a31891b5637f4198ad78f79d97e89aa97f4ccd6efa5779b14c5b4203059e,0.3,0.0,0.003,0.001,last,metric_contract_v1.2,c38b09694be88aa74de0741b39e9d3ba0d6ff61a,35a1a66f78dfd6255c4d804586ee6863969be78d21acec5cd0ccf00476ddaa5c,f80984d28ef9a7550633fb3aea514f783f3db1fa655a6d3f49850b10857e6afc,float64,ECE-M15,id/ece_raw_m15,ID-3,primary,down,,id_test,raw_logits,0.003207092111510143,0.0011998103654739384,-0.003140321886777986,0.00042219353006869853,0.0032443692874648635,0.000422 ± 0.003244
C4,sgd,adamw,optimizer_a_minus_optimizer_b_seed_matched,7aa36ee28bf5fa9c0b29152bb63c02833c5c6d02ae2c4908d0256a35582c9d9c,4039a31891b5637f4198ad78f79d97e89aa97f4ccd6efa5779b14c5b4203059e,0.3,0.0,0.003,0.001,last,metric_contract_v1.2,c38b09694be88aa74de0741b39e9d3ba0d6ff61a,35a1a66f78dfd6255c4d804586ee6863969be78d21acec5cd0ccf00476ddaa5c,f80984d28ef9a7550633fb3aea514f783f3db1fa655a6d3f49850b10857e6afc,float64,Misclass. AUROC,id/misclassification_auroc_msp_raw,ID-5,primary,up,,id_test,raw_logits,-0.0011834719914870506,-0.005466047545277797,0.002172270331610715,-0.0014924164017180441,0.003828519293873075,-0.001492 ± 0.003829
C4,sgd,adamw,optimizer_a_minus_optimizer_b_seed_matched,7aa36ee28bf5fa9c0b29152bb63c02833c5c6d02ae2c4908d0256a35582c9d9c,4039a31891b5637f4198ad78f79d97e89aa97f4ccd6efa5779b14c5b4203059e,0.3,0.0,0.003,0.001,last,metric_contract_v1.2,c38b09694be88aa74de0741b39e9d3ba0d6ff61a,35a1a66f78dfd6255c4d804586ee6863969be78d21acec5cd0ccf00476ddaa5c,f80984d28ef9a7550633fb3aea514f783f3db1fa655a6d3f49850b10857e6afc,float64,AUGRC,id/augrc_msp_raw,ID-6,primary,down,,id_test,raw_logits,0.0010831749999999953,0.001101959999999999,-7.819500000000052e-05,0.0007023133333333313,0.0006760052979513781,0.000702 ± 0.000676
C4,adam,adamw,optimizer_a_minus_optimizer_b_seed_matched,3e2bac6d488d016b4c0a216c6e210e16bcc4ca139bf6356687dc98bc7c39ec78,4039a31891b5637f4198ad78f79d97e89aa97f4ccd6efa5779b14c5b4203059e,0.0003,0.0001,0.003,0.001,last,metric_contract_v1.2,c38b09694be88aa74de0741b39e9d3ba0d6ff61a,35a1a66f78dfd6255c4d804586ee6863969be78d21acec5cd0ccf00476ddaa5c,f80984d28ef9a7550633fb3aea514f783f3db1fa655a6d3f49850b10857e6afc,float64,Accuracy,id/accuracy,ID-1,primary,up,,id_test,raw_logits,-0.0025999999999999357,-0.006000000000000005,-0.0017000000000000348,-0.003433333333333325,0.002267891825756542,-0.003433 ± 0.002268
C4,adam,adamw,optimizer_a_minus_optimizer_b_seed_matched,3e2bac6d488d016b4c0a216c6e210e16bcc4ca139bf6356687dc98bc7c39ec78,4039a31891b5637f4198ad78f79d97e89aa97f4ccd6efa5779b14c5b4203059e,0.0003,0.0001,0.003,0.001,last,metric_contract_v1.2,c38b09694be88aa74de0741b39e9d3ba0d6ff61a,35a1a66f78dfd6255c4d804586ee6863969be78d21acec5cd0ccf00476ddaa5c,f80984d28ef9a7550633fb3aea514f783f3db1fa655a6d3f49850b10857e6afc,float64,NLL,id/nll_raw,ID-2,primary,down,,id_test,raw_logits,-0.11444038737054713,-0.06002223563468728,-0.10602333785960127,-0.09349532028827856,0.029292443185697133,-0.093495 ± 0.029292
C4,adam,adamw,optimizer_a_minus_optimizer_b_seed_matched,3e2bac6d488d016b4c0a216c6e210e16bcc4ca139bf6356687dc98bc7c39ec78,4039a31891b5637f4198ad78f79d97e89aa97f4ccd6efa5779b14c5b4203059e,0.0003,0.0001,0.003,0.001,last,metric_contract_v1.2,c38b09694be88aa74de0741b39e9d3ba0d6ff61a,35a1a66f78dfd6255c4d804586ee6863969be78d21acec5cd0ccf00476ddaa5c,f80984d28ef9a7550633fb3aea514f783f3db1fa655a6d3f49850b10857e6afc,float64,ECE-M15,id/ece_raw_m15,ID-3,primary,down,,id_test,raw_logits,-0.004164984732139249,0.0010866038873343573,-0.0023606171250268315,-0.001812999323277241,0.00266827841494117,-0.001813 ± 0.002668
C4,adam,adamw,optimizer_a_minus_optimizer_b_seed_matched,3e2bac6d488d016b4c0a216c6e210e16bcc4ca139bf6356687dc98bc7c39ec78,4039a31891b5637f4198ad78f79d97e89aa97f4ccd6efa5779b14c5b4203059e,0.0003,0.0001,0.003,0.001,last,metric_contract_v1.2,c38b09694be88aa74de0741b39e9d3ba0d6ff61a,35a1a66f78dfd6255c4d804586ee6863969be78d21acec5cd0ccf00476ddaa5c,f80984d28ef9a7550633fb3aea514f783f3db1fa655a6d3f49850b10857e6afc,float64,Misclass. AUROC,id/misclassification_auroc_msp_raw,ID-5,primary,up,,id_test,raw_logits,-0.009132140240104114,-0.019125709726189877,-0.01185345313085906,-0.013370434365717684,0.005166602541176455,-0.013370 ± 0.005167
C4,adam,adamw,optimizer_a_minus_optimizer_b_seed_matched,3e2bac6d488d016b4c0a216c6e210e16bcc4ca139bf6356687dc98bc7c39ec78,4039a31891b5637f4198ad78f79d97e89aa97f4ccd6efa5779b14c5b4203059e,0.0003,0.0001,0.003,0.001,last,metric_contract_v1.2,c38b09694be88aa74de0741b39e9d3ba0d6ff61a,35a1a66f78dfd6255c4d804586ee6863969be78d21acec5cd0ccf00476ddaa5c,f80984d28ef9a7550633fb3aea514f783f3db1fa655a6d3f49850b10857e6afc,float64,AUGRC,id/augrc_msp_raw,ID-6,primary,down,,id_test,raw_logits,0.0008420599999999995,0.0018419199999999908,0.0008954500000000016,0.0011931433333333306,0.0005624908847557683,0.001193 ± 0.000562
