definition_version,evaluation_git_sha,inventory_hash,dataset_policy_hash,config_hash,checkpoint_role,artifact_key,formula_id,reporting_tier,direction,fit_split,query_split,transform,detector,ood_dataset,ood_group,class_index,statistic,quantile_probability,sample_count,role,optimizer,lr,weight_decay,value,training_seed,checkpoint_sha256,completed_epoch
metric_contract_v1.2,c38b09694be88aa74de0741b39e9d3ba0d6ff61a,,,188f2e248d512bb338cd5c33c140337ac59206948aa209631ca797a09d4b9eb2,last,id/accuracy,ID-1,primary,up,,id_test,raw_logits,,,,,,,10000,C1,sgd,0.1,0.0005,0.9539,0,e8e42ed60d71a3d0f0a1486171bf165e80d43f9c2ccc63afff94b6738f6a3347,200
metric_contract_v1.2,c38b09694be88aa74de0741b39e9d3ba0d6ff61a,,,188f2e248d512bb338cd5c33c140337ac59206948aa209631ca797a09d4b9eb2,last,id/augrc_msp_raw,ID-6,primary,down,,id_test,raw_logits,,,,,,,10000,C1,sgd,0.1,0.0005,0.003796815000000002,0,e8e42ed60d71a3d0f0a1486171bf165e80d43f9c2ccc63afff94b6738f6a3347,200
metric_contract_v1.2,c38b09694be88aa74de0741b39e9d3ba0d6ff61a,,,188f2e248d512bb338cd5c33c140337ac59206948aa209631ca797a09d4b9eb2,last,id/aurc_msp_raw,ID-7,appendix,down,,id_test,raw_logits,,,,,,,10000,C1,sgd,0.1,0.0005,0.004706042535618482,0,e8e42ed60d71a3d0f0a1486171bf165e80d43f9c2ccc63afff94b6738f6a3347,200
metric_contract_v1.2,c38b09694be88aa74de0741b39e9d3ba0d6ff61a,,,188f2e248d512bb338cd5c33c140337ac59206948aa209631ca797a09d4b9eb2,last,id/ece_raw_m10,ID-3,appendix,down,,id_test,raw_logits,,,,,,,10000,C1,sgd,0.1,0.0005,0.0312067928793646,0,e8e42ed60d71a3d0f0a1486171bf165e80d43f9c2ccc63afff94b6738f6a3347,200
metric_contract_v1.2,c38b09694be88aa74de0741b39e9d3ba0d6ff61a,,,188f2e248d512bb338cd5c33c140337ac59206948aa209631ca797a09d4b9eb2,last,id/ece_raw_m15,ID-3,primary,down,,id_test,raw_logits,,,,,,,10000,C1,sgd,0.1,0.0005,0.031206792879364634,0,e8e42ed60d71a3d0f0a1486171bf165e80d43f9c2ccc63afff94b6738f6a3347,200
metric_contract_v1.2,c38b09694be88aa74de0741b39e9d3ba0d6ff61a,,,188f2e248d512bb338cd5c33c140337ac59206948aa209631ca797a09d4b9eb2,last,id/ece_raw_m30,ID-3,appendix,down,,id_test,raw_logits,,,,,,,10000,C1,sgd,0.1,0.0005,0.03142114131074793,0,e8e42ed60d71a3d0f0a1486171bf165e80d43f9c2ccc63afff94b6738f6a3347,200
metric_contract_v1.2,c38b09694be88aa74de0741b39e9d3ba0d6ff61a,,,188f2e248d512bb338cd5c33c140337ac59206948aa209631ca797a09d4b9eb2,last,id/ece_ts_m15,ID-4,control,down,id_validation,id_test,temperature_scaled_logits,,,,,,,10000,C1,sgd,0.1,0.0005,0.010072355110820934,0,e8e42ed60d71a3d0f0a1486171bf165e80d43f9c2ccc63afff94b6738f6a3347,200
metric_contract_v1.2,c38b09694be88aa74de0741b39e9d3ba0d6ff61a,,,188f2e248d512bb338cd5c33c140337ac59206948aa209631ca797a09d4b9eb2,last,id/misclassification_auroc_msp_raw,ID-5,primary,up,,id_test,raw_logits,,,,,,,10000,C1,sgd,0.1,0.0005,0.9378232391786294,0,e8e42ed60d71a3d0f0a1486171bf165e80d43f9c2ccc63afff94b6738f6a3347,200
metric_contract_v1.2,c38b09694be88aa74de0741b39e9d3ba0d6ff61a,,,188f2e248d512bb338cd5c33c140337ac59206948aa209631ca797a09d4b9eb2,last,id/nll_raw,ID-2,primary,down,,id_test,raw_logits,,,,,,,10000,C1,sgd,0.1,0.0005,0.21344701330746083,0,e8e42ed60d71a3d0f0a1486171bf165e80d43f9c2ccc63afff94b6738f6a3347,200
metric_contract_v1.2,c38b09694be88aa74de0741b39e9d3ba0d6ff61a,,,188f2e248d512bb338cd5c33c140337ac59206948aa209631ca797a09d4b9eb2,last,id/nll_ts,ID-4,control,down,id_validation,id_test,temperature_scaled_logits,,,,,,,10000,C1,sgd,0.1,0.0005,0.15309679844834564,0,e8e42ed60d71a3d0f0a1486171bf165e80d43f9c2ccc63afff94b6738f6a3347,200
metric_contract_v1.2,c38b09694be88aa74de0741b39e9d3ba0d6ff61a,,,188f2e248d512bb338cd5c33c140337ac59206948aa209631ca797a09d4b9eb2,last,id/temperature,ID-4,control,descriptive,id_validation,id_test,temperature_scaled_logits,,,,,,,10000,C1,sgd,0.1,0.0005,1.8127555741154242,0,e8e42ed60d71a3d0f0a1486171bf165e80d43f9c2ccc63afff94b6738f6a3347,200
metric_contract_v1.2,c38b09694be88aa74de0741b39e9d3ba0d6ff61a,,,b701f780ad99d469949a985b0472b8d1f26be0545e531d92895b7559ca142328,last,id/accuracy,ID-1,primary,up,,id_test,raw_logits,,,,,,,10000,C1,adam,0.0003,0.0,0.9402,0,09442d81872d37e49f213f59d4687b6e86e375282e92a87346ad77f88c731cf0,200
metric_contract_v1.2,c38b09694be88aa74de0741b39e9d3ba0d6ff61a,,,b701f780ad99d469949a985b0472b8d1f26be0545e531d92895b7559ca142328,last,id/augrc_msp_raw,ID-6,primary,down,,id_test,raw_logits,,,,,,,10000,C1,adam,0.0003,0.0,0.005612739999999997,0,09442d81872d37e49f213f59d4687b6e86e375282e92a87346ad77f88c731cf0,200
metric_contract_v1.2,c38b09694be88aa74de0741b39e9d3ba0d6ff61a,,,b701f780ad99d469949a985b0472b8d1f26be0545e531d92895b7559ca142328,last,id/aurc_msp_raw,ID-7,appendix,down,,id_test,raw_logits,,,,,,,10000,C1,adam,0.0003,0.0,0.006478469201646754,0,09442d81872d37e49f213f59d4687b6e86e375282e92a87346ad77f88c731cf0,200
metric_contract_v1.2,c38b09694be88aa74de0741b39e9d3ba0d6ff61a,,,b701f780ad99d469949a985b0472b8d1f26be0545e531d92895b7559ca142328,last,id/ece_raw_m10,ID-3,appendix,down,,id_test,raw_logits,,,,,,,10000,C1,adam,0.0003,0.0,0.047190469905461954,0,09442d81872d37e49f213f59d4687b6e86e375282e92a87346ad77f88c731cf0,200
metric_contract_v1.2,c38b09694be88aa74de0741b39e9d3ba0d6ff61a,,,b701f780ad99d469949a985b0472b8d1f26be0545e531d92895b7559ca142328,last,id/ece_raw_m15,ID-3,primary,down,,id_test,raw_logits,,,,,,,10000,C1,adam,0.0003,0.0,0.04732598686719026,0,09442d81872d37e49f213f59d4687b6e86e375282e92a87346ad77f88c731cf0,200
metric_contract_v1.2,c38b09694be88aa74de0741b39e9d3ba0d6ff61a,,,b701f780ad99d469949a985b0472b8d1f26be0545e531d92895b7559ca142328,last,id/ece_raw_m30,ID-3,appendix,down,,id_test,raw_logits,,,,,,,10000,C1,adam,0.0003,0.0,0.0473259868671904,0,09442d81872d37e49f213f59d4687b6e86e375282e92a87346ad77f88c731cf0,200
metric_contract_v1.2,c38b09694be88aa74de0741b39e9d3ba0d6ff61a,,,b701f780ad99d469949a985b0472b8d1f26be0545e531d92895b7559ca142328,last,id/ece_ts_m15,ID-4,control,down,id_validation,id_test,temperature_scaled_logits,,,,,,,10000,C1,adam,0.0003,0.0,0.007694925891969297,0,09442d81872d37e49f213f59d4687b6e86e375282e92a87346ad77f88c731cf0,200
metric_contract_v1.2,c38b09694be88aa74de0741b39e9d3ba0d6ff61a,,,b701f780ad99d469949a985b0472b8d1f26be0545e531d92895b7559ca142328,last,id/misclassification_auroc_msp_raw,ID-5,primary,up,,id_test,raw_logits,,,,,,,10000,C1,adam,0.0003,0.0,0.9319734860369138,0,09442d81872d37e49f213f59d4687b6e86e375282e92a87346ad77f88c731cf0,200
metric_contract_v1.2,c38b09694be88aa74de0741b39e9d3ba0d6ff61a,,,b701f780ad99d469949a985b0472b8d1f26be0545e531d92895b7559ca142328,last,id/nll_raw,ID-2,primary,down,,id_test,raw_logits,,,,,,,10000,C1,adam,0.0003,0.0,0.41734686552539824,0,09442d81872d37e49f213f59d4687b6e86e375282e92a87346ad77f88c731cf0,200
metric_contract_v1.2,c38b09694be88aa74de0741b39e9d3ba0d6ff61a,,,b701f780ad99d469949a985b0472b8d1f26be0545e531d92895b7559ca142328,last,id/nll_ts,ID-4,control,down,id_validation,id_test,temperature_scaled_logits,,,,,,,10000,C1,adam,0.0003,0.0,0.18734858897900403,0,09442d81872d37e49f213f59d4687b6e86e375282e92a87346ad77f88c731cf0,200
metric_contract_v1.2,c38b09694be88aa74de0741b39e9d3ba0d6ff61a,,,b701f780ad99d469949a985b0472b8d1f26be0545e531d92895b7559ca142328,last,id/temperature,ID-4,control,descriptive,id_validation,id_test,temperature_scaled_logits,,,,,,,10000,C1,adam,0.0003,0.0,3.3842844131002985,0,09442d81872d37e49f213f59d4687b6e86e375282e92a87346ad77f88c731cf0,200
metric_contract_v1.2,c38b09694be88aa74de0741b39e9d3ba0d6ff61a,,,61d7d1f20bc593cc2d106f24f0343084f56f811c8ebc63c856eaced34c50b65f,last,id/accuracy,ID-1,primary,up,,id_test,raw_logits,,,,,,,10000,C1,adamw,0.003,0.1,0.9508,0,f62a0ee09e8152772e8865ca59253f9a77e4f29e886d29f9b6538f3ceae182e6,200
metric_contract_v1.2,c38b09694be88aa74de0741b39e9d3ba0d6ff61a,,,61d7d1f20bc593cc2d106f24f0343084f56f811c8ebc63c856eaced34c50b65f,last,id/augrc_msp_raw,ID-6,primary,down,,id_test,raw_logits,,,,,,,10000,C1,adamw,0.003,0.1,0.0042659500000000045,0,f62a0ee09e8152772e8865ca59253f9a77e4f29e886d29f9b6538f3ceae182e6,200
metric_contract_v1.2,c38b09694be88aa74de0741b39e9d3ba0d6ff61a,,,61d7d1f20bc593cc2d106f24f0343084f56f811c8ebc63c856eaced34c50b65f,last,id/aurc_msp_raw,ID-7,appendix,down,,id_test,raw_logits,,,,,,,10000,C1,adamw,0.003,0.1,0.005348085354892638,0,f62a0ee09e8152772e8865ca59253f9a77e4f29e886d29f9b6538f3ceae182e6,200
metric_contract_v1.2,c38b09694be88aa74de0741b39e9d3ba0d6ff61a,,,61d7d1f20bc593cc2d106f24f0343084f56f811c8ebc63c856eaced34c50b65f,last,id/ece_raw_m10,ID-3,appendix,down,,id_test,raw_logits,,,,,,,10000,C1,adamw,0.003,0.1,0.038964034361667635,0,f62a0ee09e8152772e8865ca59253f9a77e4f29e886d29f9b6538f3ceae182e6,200
metric_contract_v1.2,c38b09694be88aa74de0741b39e9d3ba0d6ff61a,,,61d7d1f20bc593cc2d106f24f0343084f56f811c8ebc63c856eaced34c50b65f,last,id/ece_raw_m15,ID-3,primary,down,,id_test,raw_logits,,,,,,,10000,C1,adamw,0.003,0.1,0.038964034361667566,0,f62a0ee09e8152772e8865ca59253f9a77e4f29e886d29f9b6538f3ceae182e6,200
metric_contract_v1.2,c38b09694be88aa74de0741b39e9d3ba0d6ff61a,,,61d7d1f20bc593cc2d106f24f0343084f56f811c8ebc63c856eaced34c50b65f,last,id/ece_raw_m30,ID-3,appendix,down,,id_test,raw_logits,,,,,,,10000,C1,adamw,0.003,0.1,0.03917289803850663,0,f62a0ee09e8152772e8865ca59253f9a77e4f29e886d29f9b6538f3ceae182e6,200
metric_contract_v1.2,c38b09694be88aa74de0741b39e9d3ba0d6ff61a,,,61d7d1f20bc593cc2d106f24f0343084f56f811c8ebc63c856eaced34c50b65f,last,id/ece_ts_m15,ID-4,control,down,id_validation,id_test,temperature_scaled_logits,,,,,,,10000,C1,adamw,0.003,0.1,0.008233745027643107,0,f62a0ee09e8152772e8865ca59253f9a77e4f29e886d29f9b6538f3ceae182e6,200
metric_contract_v1.2,c38b09694be88aa74de0741b39e9d3ba0d6ff61a,,,61d7d1f20bc593cc2d106f24f0343084f56f811c8ebc63c856eaced34c50b65f,last,id/misclassification_auroc_msp_raw,ID-5,primary,up,,id_test,raw_logits,,,,,,,10000,C1,adamw,0.003,0.1,0.9346799528681025,0,f62a0ee09e8152772e8865ca59253f9a77e4f29e886d29f9b6538f3ceae182e6,200
metric_contract_v1.2,c38b09694be88aa74de0741b39e9d3ba0d6ff61a,,,61d7d1f20bc593cc2d106f24f0343084f56f811c8ebc63c856eaced34c50b65f,last,id/nll_raw,ID-2,primary,down,,id_test,raw_logits,,,,,,,10000,C1,adamw,0.003,0.1,0.3117827976326212,0,f62a0ee09e8152772e8865ca59253f9a77e4f29e886d29f9b6538f3ceae182e6,200
metric_contract_v1.2,c38b09694be88aa74de0741b39e9d3ba0d6ff61a,,,61d7d1f20bc593cc2d106f24f0343084f56f811c8ebc63c856eaced34c50b65f,last,id/nll_ts,ID-4,control,down,id_validation,id_test,temperature_scaled_logits,,,,,,,10000,C1,adamw,0.003,0.1,0.15882577160078745,0,f62a0ee09e8152772e8865ca59253f9a77e4f29e886d29f9b6538f3ceae182e6,200
metric_contract_v1.2,c38b09694be88aa74de0741b39e9d3ba0d6ff61a,,,61d7d1f20bc593cc2d106f24f0343084f56f811c8ebc63c856eaced34c50b65f,last,id/temperature,ID-4,control,descriptive,id_validation,id_test,temperature_scaled_logits,,,,,,,10000,C1,adamw,0.003,0.1,2.844149012812937,0,f62a0ee09e8152772e8865ca59253f9a77e4f29e886d29f9b6538f3ceae182e6,200
metric_contract_v1.2,c38b09694be88aa74de0741b39e9d3ba0d6ff61a,,,86af0abedd46c2a0c8eddb4fea4739037bd2bfd7259cc44a9b8303088bfee3b9,last,id/accuracy,ID-1,primary,up,,id_test,raw_logits,,,,,,,10000,C2,sgd,0.3,0.0001,0.9528,0,4467aff88cddbb8d3553a4c3d6cc2a8f34d7df8215d3f22ebda84a81c670b36c,200
metric_contract_v1.2,c38b09694be88aa74de0741b39e9d3ba0d6ff61a,,,86af0abedd46c2a0c8eddb4fea4739037bd2bfd7259cc44a9b8303088bfee3b9,last,id/augrc_msp_raw,ID-6,primary,down,,id_test,raw_logits,,,,,,,10000,C2,sgd,0.3,0.0001,0.00382844,0,4467aff88cddbb8d3553a4c3d6cc2a8f34d7df8215d3f22ebda84a81c670b36c,200
metric_contract_v1.2,c38b09694be88aa74de0741b39e9d3ba0d6ff61a,,,86af0abedd46c2a0c8eddb4fea4739037bd2bfd7259cc44a9b8303088bfee3b9,last,id/aurc_msp_raw,ID-7,appendix,down,,id_test,raw_logits,,,,,,,10000,C2,sgd,0.3,0.0001,0.004368780468452827,0,4467aff88cddbb8d3553a4c3d6cc2a8f34d7df8215d3f22ebda84a81c670b36c,200
metric_contract_v1.2,c38b09694be88aa74de0741b39e9d3ba0d6ff61a,,,86af0abedd46c2a0c8eddb4fea4739037bd2bfd7259cc44a9b8303088bfee3b9,last,id/ece_raw_m10,ID-3,appendix,down,,id_test,raw_logits,,,,,,,10000,C2,sgd,0.3,0.0001,0.03148414491574842,0,4467aff88cddbb8d3553a4c3d6cc2a8f34d7df8215d3f22ebda84a81c670b36c,200
metric_contract_v1.2,c38b09694be88aa74de0741b39e9d3ba0d6ff61a,,,86af0abedd46c2a0c8eddb4fea4739037bd2bfd7259cc44a9b8303088bfee3b9,last,id/ece_raw_m15,ID-3,primary,down,,id_test,raw_logits,,,,,,,10000,C2,sgd,0.3,0.0001,0.03154488571662892,0,4467aff88cddbb8d3553a4c3d6cc2a8f34d7df8215d3f22ebda84a81c670b36c,200
metric_contract_v1.2,c38b09694be88aa74de0741b39e9d3ba0d6ff61a,,,86af0abedd46c2a0c8eddb4fea4739037bd2bfd7259cc44a9b8303088bfee3b9,last,id/ece_raw_m30,ID-3,appendix,down,,id_test,raw_logits,,,,,,,10000,C2,sgd,0.3,0.0001,0.031683894936332335,0,4467aff88cddbb8d3553a4c3d6cc2a8f34d7df8215d3f22ebda84a81c670b36c,200
metric_contract_v1.2,c38b09694be88aa74de0741b39e9d3ba0d6ff61a,,,86af0abedd46c2a0c8eddb4fea4739037bd2bfd7259cc44a9b8303088bfee3b9,last,id/ece_ts_m15,ID-4,control,down,id_validation,id_test,temperature_scaled_logits,,,,,,,10000,C2,sgd,0.3,0.0001,0.007627701902690258,0,4467aff88cddbb8d3553a4c3d6cc2a8f34d7df8215d3f22ebda84a81c670b36c,200
metric_contract_v1.2,c38b09694be88aa74de0741b39e9d3ba0d6ff61a,,,86af0abedd46c2a0c8eddb4fea4739037bd2bfd7259cc44a9b8303088bfee3b9,last,id/misclassification_auroc_msp_raw,ID-5,primary,up,,id_test,raw_logits,,,,,,,10000,C2,sgd,0.3,0.0001,0.9396399906075226,0,4467aff88cddbb8d3553a4c3d6cc2a8f34d7df8215d3f22ebda84a81c670b36c,200
metric_contract_v1.2,c38b09694be88aa74de0741b39e9d3ba0d6ff61a,,,86af0abedd46c2a0c8eddb4fea4739037bd2bfd7259cc44a9b8303088bfee3b9,last,id/nll_raw,ID-2,primary,down,,id_test,raw_logits,,,,,,,10000,C2,sgd,0.3,0.0001,0.2230096944154489,0,4467aff88cddbb8d3553a4c3d6cc2a8f34d7df8215d3f22ebda84a81c670b36c,200
metric_contract_v1.2,c38b09694be88aa74de0741b39e9d3ba0d6ff61a,,,86af0abedd46c2a0c8eddb4fea4739037bd2bfd7259cc44a9b8303088bfee3b9,last,id/nll_ts,ID-4,control,down,id_validation,id_test,temperature_scaled_logits,,,,,,,10000,C2,sgd,0.3,0.0001,0.1518186342904415,0,4467aff88cddbb8d3553a4c3d6cc2a8f34d7df8215d3f22ebda84a81c670b36c,200
metric_contract_v1.2,c38b09694be88aa74de0741b39e9d3ba0d6ff61a,,,86af0abedd46c2a0c8eddb4fea4739037bd2bfd7259cc44a9b8303088bfee3b9,last,id/temperature,ID-4,control,descriptive,id_validation,id_test,temperature_scaled_logits,,,,,,,10000,C2,sgd,0.3,0.0001,2.034788504939227,0,4467aff88cddbb8d3553a4c3d6cc2a8f34d7df8215d3f22ebda84a81c670b36c,200
metric_contract_v1.2,c38b09694be88aa74de0741b39e9d3ba0d6ff61a,,,db137e7d3c712f7a4752a4ecaee827c58ae25bc907f916dbab0de88a87e33211,last,id/accuracy,ID-1,primary,up,,id_test,raw_logits,,,,,,,10000,C2,adam,0.0003,0.001,0.9372,0,7dc37a66c5ed5355eeecea2a598494069d9950a03609075950720715f0520bd9,200
metric_contract_v1.2,c38b09694be88aa74de0741b39e9d3ba0d6ff61a,,,db137e7d3c712f7a4752a4ecaee827c58ae25bc907f916dbab0de88a87e33211,last,id/augrc_msp_raw,ID-6,primary,down,,id_test,raw_logits,,,,,,,10000,C2,adam,0.0003,0.001,0.006289439999999988,0,7dc37a66c5ed5355eeecea2a598494069d9950a03609075950720715f0520bd9,200
metric_contract_v1.2,c38b09694be88aa74de0741b39e9d3ba0d6ff61a,,,db137e7d3c712f7a4752a4ecaee827c58ae25bc907f916dbab0de88a87e33211,last,id/aurc_msp_raw,ID-7,appendix,down,,id_test,raw_logits,,,,,,,10000,C2,adam,0.0003,0.001,0.007330826111375912,0,7dc37a66c5ed5355eeecea2a598494069d9950a03609075950720715f0520bd9,200
metric_contract_v1.2,c38b09694be88aa74de0741b39e9d3ba0d6ff61a,,,db137e7d3c712f7a4752a4ecaee827c58ae25bc907f916dbab0de88a87e33211,last,id/ece_raw_m10,ID-3,appendix,down,,id_test,raw_logits,,,,,,,10000,C2,adam,0.0003,0.001,0.040738453927303936,0,7dc37a66c5ed5355eeecea2a598494069d9950a03609075950720715f0520bd9,200
metric_contract_v1.2,c38b09694be88aa74de0741b39e9d3ba0d6ff61a,,,db137e7d3c712f7a4752a4ecaee827c58ae25bc907f916dbab0de88a87e33211,last,id/ece_raw_m15,ID-3,primary,down,,id_test,raw_logits,,,,,,,10000,C2,adam,0.0003,0.001,0.04101898102834408,0,7dc37a66c5ed5355eeecea2a598494069d9950a03609075950720715f0520bd9,200
metric_contract_v1.2,c38b09694be88aa74de0741b39e9d3ba0d6ff61a,,,db137e7d3c712f7a4752a4ecaee827c58ae25bc907f916dbab0de88a87e33211,last,id/ece_raw_m30,ID-3,appendix,down,,id_test,raw_logits,,,,,,,10000,C2,adam,0.0003,0.001,0.04124365273280421,0,7dc37a66c5ed5355eeecea2a598494069d9950a03609075950720715f0520bd9,200
metric_contract_v1.2,c38b09694be88aa74de0741b39e9d3ba0d6ff61a,,,db137e7d3c712f7a4752a4ecaee827c58ae25bc907f916dbab0de88a87e33211,last,id/ece_ts_m15,ID-4,control,down,id_validation,id_test,temperature_scaled_logits,,,,,,,10000,C2,adam,0.0003,0.001,0.008914561462015573,0,7dc37a66c5ed5355eeecea2a598494069d9950a03609075950720715f0520bd9,200
metric_contract_v1.2,c38b09694be88aa74de0741b39e9d3ba0d6ff61a,,,db137e7d3c712f7a4752a4ecaee827c58ae25bc907f916dbab0de88a87e33211,last,id/misclassification_auroc_msp_raw,ID-5,primary,up,,id_test,raw_logits,,,,,,,10000,C2,adam,0.0003,0.001,0.9266428526767633,0,7dc37a66c5ed5355eeecea2a598494069d9950a03609075950720715f0520bd9,200
metric_contract_v1.2,c38b09694be88aa74de0741b39e9d3ba0d6ff61a,,,db137e7d3c712f7a4752a4ecaee827c58ae25bc907f916dbab0de88a87e33211,last,id/nll_raw,ID-2,primary,down,,id_test,raw_logits,,,,,,,10000,C2,adam,0.0003,0.001,0.2901462869182439,0,7dc37a66c5ed5355eeecea2a598494069d9950a03609075950720715f0520bd9,200
metric_contract_v1.2,c38b09694be88aa74de0741b39e9d3ba0d6ff61a,,,db137e7d3c712f7a4752a4ecaee827c58ae25bc907f916dbab0de88a87e33211,last,id/nll_ts,ID-4,control,down,id_validation,id_test,temperature_scaled_logits,,,,,,,10000,C2,adam,0.0003,0.001,0.20467596650000996,0,7dc37a66c5ed5355eeecea2a598494069d9950a03609075950720715f0520bd9,200
metric_contract_v1.2,c38b09694be88aa74de0741b39e9d3ba0d6ff61a,,,db137e7d3c712f7a4752a4ecaee827c58ae25bc907f916dbab0de88a87e33211,last,id/temperature,ID-4,control,descriptive,id_validation,id_test,temperature_scaled_logits,,,,,,,10000,C2,adam,0.0003,0.001,1.9871040869674472,0,7dc37a66c5ed5355eeecea2a598494069d9950a03609075950720715f0520bd9,200
metric_contract_v1.2,c38b09694be88aa74de0741b39e9d3ba0d6ff61a,,,f315d560c588b29298c6e3749f644634c09a1f3187eeea25d98e941c498f6242,last,id/accuracy,ID-1,primary,up,,id_test,raw_logits,,,,,,,10000,C3,sgd,0.1,0.0,0.9417,0,da7cd6870e394035903bb506e00afdb6427eb414b4b6a0eaf52be250918dc7fb,200
metric_contract_v1.2,c38b09694be88aa74de0741b39e9d3ba0d6ff61a,,,f315d560c588b29298c6e3749f644634c09a1f3187eeea25d98e941c498f6242,last,id/augrc_msp_raw,ID-6,primary,down,,id_test,raw_logits,,,,,,,10000,C3,sgd,0.1,0.0,0.005111399999999999,0,da7cd6870e394035903bb506e00afdb6427eb414b4b6a0eaf52be250918dc7fb,200
metric_contract_v1.2,c38b09694be88aa74de0741b39e9d3ba0d6ff61a,,,f315d560c588b29298c6e3749f644634c09a1f3187eeea25d98e941c498f6242,last,id/aurc_msp_raw,ID-7,appendix,down,,id_test,raw_logits,,,,,,,10000,C3,sgd,0.1,0.0,0.005768916798279655,0,da7cd6870e394035903bb506e00afdb6427eb414b4b6a0eaf52be250918dc7fb,200
metric_contract_v1.2,c38b09694be88aa74de0741b39e9d3ba0d6ff61a,,,f315d560c588b29298c6e3749f644634c09a1f3187eeea25d98e941c498f6242,last,id/ece_raw_m10,ID-3,appendix,down,,id_test,raw_logits,,,,,,,10000,C3,sgd,0.1,0.0,0.04379516236341646,0,da7cd6870e394035903bb506e00afdb6427eb414b4b6a0eaf52be250918dc7fb,200
metric_contract_v1.2,c38b09694be88aa74de0741b39e9d3ba0d6ff61a,,,f315d560c588b29298c6e3749f644634c09a1f3187eeea25d98e941c498f6242,last,id/ece_raw_m15,ID-3,primary,down,,id_test,raw_logits,,,,,,,10000,C3,sgd,0.1,0.0,0.04379516236341638,0,da7cd6870e394035903bb506e00afdb6427eb414b4b6a0eaf52be250918dc7fb,200
metric_contract_v1.2,c38b09694be88aa74de0741b39e9d3ba0d6ff61a,,,f315d560c588b29298c6e3749f644634c09a1f3187eeea25d98e941c498f6242,last,id/ece_raw_m30,ID-3,appendix,down,,id_test,raw_logits,,,,,,,10000,C3,sgd,0.1,0.0,0.0438616935008698,0,da7cd6870e394035903bb506e00afdb6427eb414b4b6a0eaf52be250918dc7fb,200
metric_contract_v1.2,c38b09694be88aa74de0741b39e9d3ba0d6ff61a,,,f315d560c588b29298c6e3749f644634c09a1f3187eeea25d98e941c498f6242,last,id/ece_ts_m15,ID-4,control,down,id_validation,id_test,temperature_scaled_logits,,,,,,,10000,C3,sgd,0.1,0.0,0.005153538489485093,0,da7cd6870e394035903bb506e00afdb6427eb414b4b6a0eaf52be250918dc7fb,200
metric_contract_v1.2,c38b09694be88aa74de0741b39e9d3ba0d6ff61a,,,f315d560c588b29298c6e3749f644634c09a1f3187eeea25d98e941c498f6242,last,id/misclassification_auroc_msp_raw,ID-5,primary,up,,id_test,raw_logits,,,,,,,10000,C3,sgd,0.1,0.0,0.9378527137247317,0,da7cd6870e394035903bb506e00afdb6427eb414b4b6a0eaf52be250918dc7fb,200
metric_contract_v1.2,c38b09694be88aa74de0741b39e9d3ba0d6ff61a,,,f315d560c588b29298c6e3749f644634c09a1f3187eeea25d98e941c498f6242,last,id/nll_raw,ID-2,primary,down,,id_test,raw_logits,,,,,,,10000,C3,sgd,0.1,0.0,0.34933195834235803,0,da7cd6870e394035903bb506e00afdb6427eb414b4b6a0eaf52be250918dc7fb,200
metric_contract_v1.2,c38b09694be88aa74de0741b39e9d3ba0d6ff61a,,,f315d560c588b29298c6e3749f644634c09a1f3187eeea25d98e941c498f6242,last,id/nll_ts,ID-4,control,down,id_validation,id_test,temperature_scaled_logits,,,,,,,10000,C3,sgd,0.1,0.0,0.17563456056446897,0,da7cd6870e394035903bb506e00afdb6427eb414b4b6a0eaf52be250918dc7fb,200
metric_contract_v1.2,c38b09694be88aa74de0741b39e9d3ba0d6ff61a,,,f315d560c588b29298c6e3749f644634c09a1f3187eeea25d98e941c498f6242,last,id/temperature,ID-4,control,descriptive,id_validation,id_test,temperature_scaled_logits,,,,,,,10000,C3,sgd,0.1,0.0,3.135514674607546,0,da7cd6870e394035903bb506e00afdb6427eb414b4b6a0eaf52be250918dc7fb,200
metric_contract_v1.2,c38b09694be88aa74de0741b39e9d3ba0d6ff61a,,,b701f780ad99d469949a985b0472b8d1f26be0545e531d92895b7559ca142328,last,id/accuracy,ID-1,primary,up,,id_test,raw_logits,,,,,,,10000,C3,adam,0.0003,0.0,0.9402,0,09442d81872d37e49f213f59d4687b6e86e375282e92a87346ad77f88c731cf0,200
metric_contract_v1.2,c38b09694be88aa74de0741b39e9d3ba0d6ff61a,,,b701f780ad99d469949a985b0472b8d1f26be0545e531d92895b7559ca142328,last,id/augrc_msp_raw,ID-6,primary,down,,id_test,raw_logits,,,,,,,10000,C3,adam,0.0003,0.0,0.005612739999999997,0,09442d81872d37e49f213f59d4687b6e86e375282e92a87346ad77f88c731cf0,200
metric_contract_v1.2,c38b09694be88aa74de0741b39e9d3ba0d6ff61a,,,b701f780ad99d469949a985b0472b8d1f26be0545e531d92895b7559ca142328,last,id/aurc_msp_raw,ID-7,appendix,down,,id_test,raw_logits,,,,,,,10000,C3,adam,0.0003,0.0,0.006478469201646754,0,09442d81872d37e49f213f59d4687b6e86e375282e92a87346ad77f88c731cf0,200
metric_contract_v1.2,c38b09694be88aa74de0741b39e9d3ba0d6ff61a,,,b701f780ad99d469949a985b0472b8d1f26be0545e531d92895b7559ca142328,last,id/ece_raw_m10,ID-3,appendix,down,,id_test,raw_logits,,,,,,,10000,C3,adam,0.0003,0.0,0.047190469905461954,0,09442d81872d37e49f213f59d4687b6e86e375282e92a87346ad77f88c731cf0,200
metric_contract_v1.2,c38b09694be88aa74de0741b39e9d3ba0d6ff61a,,,b701f780ad99d469949a985b0472b8d1f26be0545e531d92895b7559ca142328,last,id/ece_raw_m15,ID-3,primary,down,,id_test,raw_logits,,,,,,,10000,C3,adam,0.0003,0.0,0.04732598686719026,0,09442d81872d37e49f213f59d4687b6e86e375282e92a87346ad77f88c731cf0,200
metric_contract_v1.2,c38b09694be88aa74de0741b39e9d3ba0d6ff61a,,,b701f780ad99d469949a985b0472b8d1f26be0545e531d92895b7559ca142328,last,id/ece_raw_m30,ID-3,appendix,down,,id_test,raw_logits,,,,,,,10000,C3,adam,0.0003,0.0,0.0473259868671904,0,09442d81872d37e49f213f59d4687b6e86e375282e92a87346ad77f88c731cf0,200
metric_contract_v1.2,c38b09694be88aa74de0741b39e9d3ba0d6ff61a,,,b701f780ad99d469949a985b0472b8d1f26be0545e531d92895b7559ca142328,last,id/ece_ts_m15,ID-4,control,down,id_validation,id_test,temperature_scaled_logits,,,,,,,10000,C3,adam,0.0003,0.0,0.007694925891969297,0,09442d81872d37e49f213f59d4687b6e86e375282e92a87346ad77f88c731cf0,200
metric_contract_v1.2,c38b09694be88aa74de0741b39e9d3ba0d6ff61a,,,b701f780ad99d469949a985b0472b8d1f26be0545e531d92895b7559ca142328,last,id/misclassification_auroc_msp_raw,ID-5,primary,up,,id_test,raw_logits,,,,,,,10000,C3,adam,0.0003,0.0,0.9319734860369138,0,09442d81872d37e49f213f59d4687b6e86e375282e92a87346ad77f88c731cf0,200
metric_contract_v1.2,c38b09694be88aa74de0741b39e9d3ba0d6ff61a,,,b701f780ad99d469949a985b0472b8d1f26be0545e531d92895b7559ca142328,last,id/nll_raw,ID-2,primary,down,,id_test,raw_logits,,,,,,,10000,C3,adam,0.0003,0.0,0.41734686552539824,0,09442d81872d37e49f213f59d4687b6e86e375282e92a87346ad77f88c731cf0,200
metric_contract_v1.2,c38b09694be88aa74de0741b39e9d3ba0d6ff61a,,,b701f780ad99d469949a985b0472b8d1f26be0545e531d92895b7559ca142328,last,id/nll_ts,ID-4,control,down,id_validation,id_test,temperature_scaled_logits,,,,,,,10000,C3,adam,0.0003,0.0,0.18734858897900403,0,09442d81872d37e49f213f59d4687b6e86e375282e92a87346ad77f88c731cf0,200
metric_contract_v1.2,c38b09694be88aa74de0741b39e9d3ba0d6ff61a,,,b701f780ad99d469949a985b0472b8d1f26be0545e531d92895b7559ca142328,last,id/temperature,ID-4,control,descriptive,id_validation,id_test,temperature_scaled_logits,,,,,,,10000,C3,adam,0.0003,0.0,3.3842844131002985,0,09442d81872d37e49f213f59d4687b6e86e375282e92a87346ad77f88c731cf0,200
metric_contract_v1.2,c38b09694be88aa74de0741b39e9d3ba0d6ff61a,,,5742764ef3bd686abf56fbeafa222ed2fa2784afb6f787533493cfe88190f71f,last,id/accuracy,ID-1,primary,up,,id_test,raw_logits,,,,,,,10000,C3,adamw,0.001,0.0001,0.9392,0,5b4a84503131fb9a126173753fa2ca8afaaf4bafb6afe00ccabf127f6a89756d,200
metric_contract_v1.2,c38b09694be88aa74de0741b39e9d3ba0d6ff61a,,,5742764ef3bd686abf56fbeafa222ed2fa2784afb6f787533493cfe88190f71f,last,id/augrc_msp_raw,ID-6,primary,down,,id_test,raw_logits,,,,,,,10000,C3,adamw,0.001,0.0001,0.005581354999999993,0,5b4a84503131fb9a126173753fa2ca8afaaf4bafb6afe00ccabf127f6a89756d,200
metric_contract_v1.2,c38b09694be88aa74de0741b39e9d3ba0d6ff61a,,,5742764ef3bd686abf56fbeafa222ed2fa2784afb6f787533493cfe88190f71f,last,id/aurc_msp_raw,ID-7,appendix,down,,id_test,raw_logits,,,,,,,10000,C3,adamw,0.001,0.0001,0.00652878831404142,0,5b4a84503131fb9a126173753fa2ca8afaaf4bafb6afe00ccabf127f6a89756d,200
metric_contract_v1.2,c38b09694be88aa74de0741b39e9d3ba0d6ff61a,,,5742764ef3bd686abf56fbeafa222ed2fa2784afb6f787533493cfe88190f71f,last,id/ece_raw_m10,ID-3,appendix,down,,id_test,raw_logits,,,,,,,10000,C3,adamw,0.001,0.0001,0.05020769165929331,0,5b4a84503131fb9a126173753fa2ca8afaaf4bafb6afe00ccabf127f6a89756d,200
metric_contract_v1.2,c38b09694be88aa74de0741b39e9d3ba0d6ff61a,,,5742764ef3bd686abf56fbeafa222ed2fa2784afb6f787533493cfe88190f71f,last,id/ece_raw_m15,ID-3,primary,down,,id_test,raw_logits,,,,,,,10000,C3,adamw,0.001,0.0001,0.0502076916592935,0,5b4a84503131fb9a126173753fa2ca8afaaf4bafb6afe00ccabf127f6a89756d,200
metric_contract_v1.2,c38b09694be88aa74de0741b39e9d3ba0d6ff61a,,,5742764ef3bd686abf56fbeafa222ed2fa2784afb6f787533493cfe88190f71f,last,id/ece_raw_m30,ID-3,appendix,down,,id_test,raw_logits,,,,,,,10000,C3,adamw,0.001,0.0001,0.050207691659293355,0,5b4a84503131fb9a126173753fa2ca8afaaf4bafb6afe00ccabf127f6a89756d,200
metric_contract_v1.2,c38b09694be88aa74de0741b39e9d3ba0d6ff61a,,,5742764ef3bd686abf56fbeafa222ed2fa2784afb6f787533493cfe88190f71f,last,id/ece_ts_m15,ID-4,control,down,id_validation,id_test,temperature_scaled_logits,,,,,,,10000,C3,adamw,0.001,0.0001,0.005774675971108797,0,5b4a84503131fb9a126173753fa2ca8afaaf4bafb6afe00ccabf127f6a89756d,200
metric_contract_v1.2,c38b09694be88aa74de0741b39e9d3ba0d6ff61a,,,5742764ef3bd686abf56fbeafa222ed2fa2784afb6f787533493cfe88190f71f,last,id/misclassification_auroc_msp_raw,ID-5,primary,up,,id_test,raw_logits,,,,,,,10000,C3,adamw,0.001,0.0001,0.9346267014760603,0,5b4a84503131fb9a126173753fa2ca8afaaf4bafb6afe00ccabf127f6a89756d,200
metric_contract_v1.2,c38b09694be88aa74de0741b39e9d3ba0d6ff61a,,,5742764ef3bd686abf56fbeafa222ed2fa2784afb6f787533493cfe88190f71f,last,id/nll_raw,ID-2,primary,down,,id_test,raw_logits,,,,,,,10000,C3,adamw,0.001,0.0001,0.47985714215217956,0,5b4a84503131fb9a126173753fa2ca8afaaf4bafb6afe00ccabf127f6a89756d,200
metric_contract_v1.2,c38b09694be88aa74de0741b39e9d3ba0d6ff61a,,,5742764ef3bd686abf56fbeafa222ed2fa2784afb6f787533493cfe88190f71f,last,id/nll_ts,ID-4,control,down,id_validation,id_test,temperature_scaled_logits,,,,,,,10000,C3,adamw,0.001,0.0001,0.18715949817926725,0,5b4a84503131fb9a126173753fa2ca8afaaf4bafb6afe00ccabf127f6a89756d,200
metric_contract_v1.2,c38b09694be88aa74de0741b39e9d3ba0d6ff61a,,,5742764ef3bd686abf56fbeafa222ed2fa2784afb6f787533493cfe88190f71f,last,id/temperature,ID-4,control,descriptive,id_validation,id_test,temperature_scaled_logits,,,,,,,10000,C3,adamw,0.001,0.0001,3.9609505886698084,0,5b4a84503131fb9a126173753fa2ca8afaaf4bafb6afe00ccabf127f6a89756d,200
metric_contract_v1.2,c38b09694be88aa74de0741b39e9d3ba0d6ff61a,,,7aa36ee28bf5fa9c0b29152bb63c02833c5c6d02ae2c4908d0256a35582c9d9c,last,id/accuracy,ID-1,primary,up,,id_test,raw_logits,,,,,,,10000,C4,sgd,0.3,0.0,0.9303,0,21f530202ed6bd9442ed9f75f10553e882b813f0e65251e9c2ea12bd83732abf,200
metric_contract_v1.2,c38b09694be88aa74de0741b39e9d3ba0d6ff61a,,,7aa36ee28bf5fa9c0b29152bb63c02833c5c6d02ae2c4908d0256a35582c9d9c,last,id/augrc_msp_raw,ID-6,primary,down,,id_test,raw_logits,,,,,,,10000,C4,sgd,0.3,0.0,0.006357169999999999,0,21f530202ed6bd9442ed9f75f10553e882b813f0e65251e9c2ea12bd83732abf,200
metric_contract_v1.2,c38b09694be88aa74de0741b39e9d3ba0d6ff61a,,,7aa36ee28bf5fa9c0b29152bb63c02833c5c6d02ae2c4908d0256a35582c9d9c,last,id/aurc_msp_raw,ID-7,appendix,down,,id_test,raw_logits,,,,,,,10000,C4,sgd,0.3,0.0,0.007095653593308143,0,21f530202ed6bd9442ed9f75f10553e882b813f0e65251e9c2ea12bd83732abf,200
metric_contract_v1.2,c38b09694be88aa74de0741b39e9d3ba0d6ff61a,,,7aa36ee28bf5fa9c0b29152bb63c02833c5c6d02ae2c4908d0256a35582c9d9c,last,id/ece_raw_m10,ID-3,appendix,down,,id_test,raw_logits,,,,,,,10000,C4,sgd,0.3,0.0,0.05462915054037676,0,21f530202ed6bd9442ed9f75f10553e882b813f0e65251e9c2ea12bd83732abf,200
metric_contract_v1.2,c38b09694be88aa74de0741b39e9d3ba0d6ff61a,,,7aa36ee28bf5fa9c0b29152bb63c02833c5c6d02ae2c4908d0256a35582c9d9c,last,id/ece_raw_m15,ID-3,primary,down,,id_test,raw_logits,,,,,,,10000,C4,sgd,0.3,0.0,0.054629150540376675,0,21f530202ed6bd9442ed9f75f10553e882b813f0e65251e9c2ea12bd83732abf,200
metric_contract_v1.2,c38b09694be88aa74de0741b39e9d3ba0d6ff61a,,,7aa36ee28bf5fa9c0b29152bb63c02833c5c6d02ae2c4908d0256a35582c9d9c,last,id/ece_raw_m30,ID-3,appendix,down,,id_test,raw_logits,,,,,,,10000,C4,sgd,0.3,0.0,0.054629150540376696,0,21f530202ed6bd9442ed9f75f10553e882b813f0e65251e9c2ea12bd83732abf,200
metric_contract_v1.2,c38b09694be88aa74de0741b39e9d3ba0d6ff61a,,,7aa36ee28bf5fa9c0b29152bb63c02833c5c6d02ae2c4908d0256a35582c9d9c,last,id/ece_ts_m15,ID-4,control,down,id_validation,id_test,temperature_scaled_logits,,,,,,,10000,C4,sgd,0.3,0.0,0.007185759500464913,0,21f530202ed6bd9442ed9f75f10553e882b813f0e65251e9c2ea12bd83732abf,200
metric_contract_v1.2,c38b09694be88aa74de0741b39e9d3ba0d6ff61a,,,7aa36ee28bf5fa9c0b29152bb63c02833c5c6d02ae2c4908d0256a35582c9d9c,last,id/misclassification_auroc_msp_raw,ID-5,primary,up,,id_test,raw_logits,,,,,,,10000,C4,sgd,0.3,0.0,0.9394199677338314,0,21f530202ed6bd9442ed9f75f10553e882b813f0e65251e9c2ea12bd83732abf,200
metric_contract_v1.2,c38b09694be88aa74de0741b39e9d3ba0d6ff61a,,,7aa36ee28bf5fa9c0b29152bb63c02833c5c6d02ae2c4908d0256a35582c9d9c,last,id/nll_raw,ID-2,primary,down,,id_test,raw_logits,,,,,,,10000,C4,sgd,0.3,0.0,0.43231259730300153,0,21f530202ed6bd9442ed9f75f10553e882b813f0e65251e9c2ea12bd83732abf,200
metric_contract_v1.2,c38b09694be88aa74de0741b39e9d3ba0d6ff61a,,,7aa36ee28bf5fa9c0b29152bb63c02833c5c6d02ae2c4908d0256a35582c9d9c,last,id/nll_ts,ID-4,control,down,id_validation,id_test,temperature_scaled_logits,,,,,,,10000,C4,sgd,0.3,0.0,0.20033897994391844,0,21f530202ed6bd9442ed9f75f10553e882b813f0e65251e9c2ea12bd83732abf,200
metric_contract_v1.2,c38b09694be88aa74de0741b39e9d3ba0d6ff61a,,,7aa36ee28bf5fa9c0b29152bb63c02833c5c6d02ae2c4908d0256a35582c9d9c,last,id/temperature,ID-4,control,descriptive,id_validation,id_test,temperature_scaled_logits,,,,,,,10000,C4,sgd,0.3,0.0,3.468734641674402,0,21f530202ed6bd9442ed9f75f10553e882b813f0e65251e9c2ea12bd83732abf,200
metric_contract_v1.2,c38b09694be88aa74de0741b39e9d3ba0d6ff61a,,,3e2bac6d488d016b4c0a216c6e210e16bcc4ca139bf6356687dc98bc7c39ec78,last,id/accuracy,ID-1,primary,up,,id_test,raw_logits,,,,,,,10000,C4,adam,0.0003,0.0001,0.9363,0,3107fa05d2e385174001009e90a50e3692d60425623c071ef05d34994af9dccd,200
metric_contract_v1.2,c38b09694be88aa74de0741b39e9d3ba0d6ff61a,,,3e2bac6d488d016b4c0a216c6e210e16bcc4ca139bf6356687dc98bc7c39ec78,last,id/augrc_msp_raw,ID-6,primary,down,,id_test,raw_logits,,,,,,,10000,C4,adam,0.0003,0.0001,0.006116055000000003,0,3107fa05d2e385174001009e90a50e3692d60425623c071ef05d34994af9dccd,200
metric_contract_v1.2,c38b09694be88aa74de0741b39e9d3ba0d6ff61a,,,3e2bac6d488d016b4c0a216c6e210e16bcc4ca139bf6356687dc98bc7c39ec78,last,id/aurc_msp_raw,ID-7,appendix,down,,id_test,raw_logits,,,,,,,10000,C4,adam,0.0003,0.0001,0.007233093497791768,0,3107fa05d2e385174001009e90a50e3692d60425623c071ef05d34994af9dccd,200
metric_contract_v1.2,c38b09694be88aa74de0741b39e9d3ba0d6ff61a,,,3e2bac6d488d016b4c0a216c6e210e16bcc4ca139bf6356687dc98bc7c39ec78,last,id/ece_raw_m10,ID-3,appendix,down,,id_test,raw_logits,,,,,,,10000,C4,adam,0.0003,0.0001,0.047257073696727214,0,3107fa05d2e385174001009e90a50e3692d60425623c071ef05d34994af9dccd,200
metric_contract_v1.2,c38b09694be88aa74de0741b39e9d3ba0d6ff61a,,,3e2bac6d488d016b4c0a216c6e210e16bcc4ca139bf6356687dc98bc7c39ec78,last,id/ece_raw_m15,ID-3,primary,down,,id_test,raw_logits,,,,,,,10000,C4,adam,0.0003,0.0001,0.047257073696727284,0,3107fa05d2e385174001009e90a50e3692d60425623c071ef05d34994af9dccd,200
metric_contract_v1.2,c38b09694be88aa74de0741b39e9d3ba0d6ff61a,,,3e2bac6d488d016b4c0a216c6e210e16bcc4ca139bf6356687dc98bc7c39ec78,last,id/ece_raw_m30,ID-3,appendix,down,,id_test,raw_logits,,,,,,,10000,C4,adam,0.0003,0.0001,0.04751322213275115,0,3107fa05d2e385174001009e90a50e3692d60425623c071ef05d34994af9dccd,200
metric_contract_v1.2,c38b09694be88aa74de0741b39e9d3ba0d6ff61a,,,3e2bac6d488d016b4c0a216c6e210e16bcc4ca139bf6356687dc98bc7c39ec78,last,id/ece_ts_m15,ID-4,control,down,id_validation,id_test,temperature_scaled_logits,,,,,,,10000,C4,adam,0.0003,0.0001,0.007759028604162882,0,3107fa05d2e385174001009e90a50e3692d60425623c071ef05d34994af9dccd,200
metric_contract_v1.2,c38b09694be88aa74de0741b39e9d3ba0d6ff61a,,,3e2bac6d488d016b4c0a216c6e210e16bcc4ca139bf6356687dc98bc7c39ec78,last,id/misclassification_auroc_msp_raw,ID-5,primary,up,,id_test,raw_logits,,,,,,,10000,C4,adam,0.0003,0.0001,0.9314712994852143,0,3107fa05d2e385174001009e90a50e3692d60425623c071ef05d34994af9dccd,200
metric_contract_v1.2,c38b09694be88aa74de0741b39e9d3ba0d6ff61a,,,3e2bac6d488d016b4c0a216c6e210e16bcc4ca139bf6356687dc98bc7c39ec78,last,id/nll_raw,ID-2,primary,down,,id_test,raw_logits,,,,,,,10000,C4,adam,0.0003,0.0001,0.36606702614213193,0,3107fa05d2e385174001009e90a50e3692d60425623c071ef05d34994af9dccd,200
metric_contract_v1.2,c38b09694be88aa74de0741b39e9d3ba0d6ff61a,,,3e2bac6d488d016b4c0a216c6e210e16bcc4ca139bf6356687dc98bc7c39ec78,last,id/nll_ts,ID-4,control,down,id_validation,id_test,temperature_scaled_logits,,,,,,,10000,C4,adam,0.0003,0.0001,0.20019242640855647,0,3107fa05d2e385174001009e90a50e3692d60425623c071ef05d34994af9dccd,200
metric_contract_v1.2,c38b09694be88aa74de0741b39e9d3ba0d6ff61a,,,3e2bac6d488d016b4c0a216c6e210e16bcc4ca139bf6356687dc98bc7c39ec78,last,id/temperature,ID-4,control,descriptive,id_validation,id_test,temperature_scaled_logits,,,,,,,10000,C4,adam,0.0003,0.0001,2.6956680020428254,0,3107fa05d2e385174001009e90a50e3692d60425623c071ef05d34994af9dccd,200
metric_contract_v1.2,c38b09694be88aa74de0741b39e9d3ba0d6ff61a,,,4039a31891b5637f4198ad78f79d97e89aa97f4ccd6efa5779b14c5b4203059e,last,id/accuracy,ID-1,primary,up,,id_test,raw_logits,,,,,,,10000,C4,adamw,0.003,0.001,0.9389,0,9940d5548da8547592bd583e11231bcec348bc9cc4b96187abda89e6e2e9290a,200
metric_contract_v1.2,c38b09694be88aa74de0741b39e9d3ba0d6ff61a,,,4039a31891b5637f4198ad78f79d97e89aa97f4ccd6efa5779b14c5b4203059e,last,id/augrc_msp_raw,ID-6,primary,down,,id_test,raw_logits,,,,,,,10000,C4,adamw,0.003,0.001,0.0052739950000000035,0,9940d5548da8547592bd583e11231bcec348bc9cc4b96187abda89e6e2e9290a,200
metric_contract_v1.2,c38b09694be88aa74de0741b39e9d3ba0d6ff61a,,,4039a31891b5637f4198ad78f79d97e89aa97f4ccd6efa5779b14c5b4203059e,last,id/aurc_msp_raw,ID-7,appendix,down,,id_test,raw_logits,,,,,,,10000,C4,adamw,0.003,0.001,0.006036834747639546,0,9940d5548da8547592bd583e11231bcec348bc9cc4b96187abda89e6e2e9290a,200
metric_contract_v1.2,c38b09694be88aa74de0741b39e9d3ba0d6ff61a,,,4039a31891b5637f4198ad78f79d97e89aa97f4ccd6efa5779b14c5b4203059e,last,id/ece_raw_m10,ID-3,appendix,down,,id_test,raw_logits,,,,,,,10000,C4,adamw,0.003,0.001,0.05067792420072424,0,9940d5548da8547592bd583e11231bcec348bc9cc4b96187abda89e6e2e9290a,200
metric_contract_v1.2,c38b09694be88aa74de0741b39e9d3ba0d6ff61a,,,4039a31891b5637f4198ad78f79d97e89aa97f4ccd6efa5779b14c5b4203059e,last,id/ece_raw_m15,ID-3,primary,down,,id_test,raw_logits,,,,,,,10000,C4,adamw,0.003,0.001,0.05142205842886653,0,9940d5548da8547592bd583e11231bcec348bc9cc4b96187abda89e6e2e9290a,200
metric_contract_v1.2,c38b09694be88aa74de0741b39e9d3ba0d6ff61a,,,4039a31891b5637f4198ad78f79d97e89aa97f4ccd6efa5779b14c5b4203059e,last,id/ece_raw_m30,ID-3,appendix,down,,id_test,raw_logits,,,,,,,10000,C4,adamw,0.003,0.001,0.051740296241993444,0,9940d5548da8547592bd583e11231bcec348bc9cc4b96187abda89e6e2e9290a,200
metric_contract_v1.2,c38b09694be88aa74de0741b39e9d3ba0d6ff61a,,,4039a31891b5637f4198ad78f79d97e89aa97f4ccd6efa5779b14c5b4203059e,last,id/ece_ts_m15,ID-4,control,down,id_validation,id_test,temperature_scaled_logits,,,,,,,10000,C4,adamw,0.003,0.001,0.006073197041228419,0,9940d5548da8547592bd583e11231bcec348bc9cc4b96187abda89e6e2e9290a,200
metric_contract_v1.2,c38b09694be88aa74de0741b39e9d3ba0d6ff61a,,,4039a31891b5637f4198ad78f79d97e89aa97f4ccd6efa5779b14c5b4203059e,last,id/misclassification_auroc_msp_raw,ID-5,primary,up,,id_test,raw_logits,,,,,,,10000,C4,adamw,0.003,0.001,0.9406034397253185,0,9940d5548da8547592bd583e11231bcec348bc9cc4b96187abda89e6e2e9290a,200
metric_contract_v1.2,c38b09694be88aa74de0741b39e9d3ba0d6ff61a,,,4039a31891b5637f4198ad78f79d97e89aa97f4ccd6efa5779b14c5b4203059e,last,id/nll_raw,ID-2,primary,down,,id_test,raw_logits,,,,,,,10000,C4,adamw,0.003,0.001,0.48050741351267906,0,9940d5548da8547592bd583e11231bcec348bc9cc4b96187abda89e6e2e9290a,200
metric_contract_v1.2,c38b09694be88aa74de0741b39e9d3ba0d6ff61a,,,4039a31891b5637f4198ad78f79d97e89aa97f4ccd6efa5779b14c5b4203059e,last,id/nll_ts,ID-4,control,down,id_validation,id_test,temperature_scaled_logits,,,,,,,10000,C4,adamw,0.003,0.001,0.182312181075334,0,9940d5548da8547592bd583e11231bcec348bc9cc4b96187abda89e6e2e9290a,200
metric_contract_v1.2,c38b09694be88aa74de0741b39e9d3ba0d6ff61a,,,4039a31891b5637f4198ad78f79d97e89aa97f4ccd6efa5779b14c5b4203059e,last,id/temperature,ID-4,control,descriptive,id_validation,id_test,temperature_scaled_logits,,,,,,,10000,C4,adamw,0.003,0.001,4.406265456455941,0,9940d5548da8547592bd583e11231bcec348bc9cc4b96187abda89e6e2e9290a,200
