definition_version,evaluation_git_sha,inventory_hash,dataset_policy_hash,config_hash,checkpoint_role,artifact_key,formula_id,reporting_tier,direction,fit_split,query_split,transform,detector,ood_dataset,ood_group,class_index,statistic,quantile_probability,sample_count,role,optimizer,lr,weight_decay,mean,sample_sd_ddof1,formatted,seed0,seed1,seed2
metric_contract_v1.2,c38b09694be88aa74de0741b39e9d3ba0d6ff61a,35a1a66f78dfd6255c4d804586ee6863969be78d21acec5cd0ccf00476ddaa5c,f80984d28ef9a7550633fb3aea514f783f3db1fa655a6d3f49850b10857e6afc,188f2e248d512bb338cd5c33c140337ac59206948aa209631ca797a09d4b9eb2,last,id/accuracy,ID-1,primary,up,,id_test,raw_logits,,,,,,,10000,C1,sgd,0.1,0.0005,0.9541333333333334,0.0012662279942148686,0.954133 ± 0.001266,0.9539,0.9555,0.953
metric_contract_v1.2,c38b09694be88aa74de0741b39e9d3ba0d6ff61a,35a1a66f78dfd6255c4d804586ee6863969be78d21acec5cd0ccf00476ddaa5c,f80984d28ef9a7550633fb3aea514f783f3db1fa655a6d3f49850b10857e6afc,188f2e248d512bb338cd5c33c140337ac59206948aa209631ca797a09d4b9eb2,last,id/augrc_msp_raw,ID-6,primary,down,,id_test,raw_logits,,,,,,,10000,C1,sgd,0.1,0.0005,0.0038021066666666693,5.2099441535716664e-05,0.003802 ± 0.000052,0.003796815000000002,0.0037528550000000016,0.0038566500000000057
metric_contract_v1.2,c38b09694be88aa74de0741b39e9d3ba0d6ff61a,35a1a66f78dfd6255c4d804586ee6863969be78d21acec5cd0ccf00476ddaa5c,f80984d28ef9a7550633fb3aea514f783f3db1fa655a6d3f49850b10857e6afc,188f2e248d512bb338cd5c33c140337ac59206948aa209631ca797a09d4b9eb2,last,id/aurc_msp_raw,ID-7,appendix,down,,id_test,raw_logits,,,,,,,10000,C1,sgd,0.1,0.0005,0.004663546634643191,4.877119902775826e-05,0.004664 ± 0.000049,0.004706042535618482,0.004610295502207044,0.004674301866104045
metric_contract_v1.2,c38b09694be88aa74de0741b39e9d3ba0d6ff61a,35a1a66f78dfd6255c4d804586ee6863969be78d21acec5cd0ccf00476ddaa5c,f80984d28ef9a7550633fb3aea514f783f3db1fa655a6d3f49850b10857e6afc,188f2e248d512bb338cd5c33c140337ac59206948aa209631ca797a09d4b9eb2,last,id/ece_raw_m10,ID-3,appendix,down,,id_test,raw_logits,,,,,,,10000,C1,sgd,0.1,0.0005,0.031465303194675415,0.0010015016489793023,0.031465 ± 0.001002,0.0312067928793646,0.03061840013484418,0.03257071656981746
metric_contract_v1.2,c38b09694be88aa74de0741b39e9d3ba0d6ff61a,35a1a66f78dfd6255c4d804586ee6863969be78d21acec5cd0ccf00476ddaa5c,f80984d28ef9a7550633fb3aea514f783f3db1fa655a6d3f49850b10857e6afc,188f2e248d512bb338cd5c33c140337ac59206948aa209631ca797a09d4b9eb2,last,id/ece_raw_m15,ID-3,primary,down,,id_test,raw_logits,,,,,,,10000,C1,sgd,0.1,0.0005,0.03139490521655027,0.0010939533665201148,0.031395 ± 0.001094,0.031206792879364634,0.03040720620046885,0.03257071656981734
metric_contract_v1.2,c38b09694be88aa74de0741b39e9d3ba0d6ff61a,35a1a66f78dfd6255c4d804586ee6863969be78d21acec5cd0ccf00476ddaa5c,f80984d28ef9a7550633fb3aea514f783f3db1fa655a6d3f49850b10857e6afc,188f2e248d512bb338cd5c33c140337ac59206948aa209631ca797a09d4b9eb2,last,id/ece_raw_m30,ID-3,appendix,down,,id_test,raw_logits,,,,,,,10000,C1,sgd,0.1,0.0005,0.031580342433063756,0.0009211499628253429,0.031580 ± 0.000921,0.03142114131074793,0.030749169418626078,0.03257071656981725
metric_contract_v1.2,c38b09694be88aa74de0741b39e9d3ba0d6ff61a,35a1a66f78dfd6255c4d804586ee6863969be78d21acec5cd0ccf00476ddaa5c,f80984d28ef9a7550633fb3aea514f783f3db1fa655a6d3f49850b10857e6afc,188f2e248d512bb338cd5c33c140337ac59206948aa209631ca797a09d4b9eb2,last,id/ece_ts_m15,ID-4,control,down,id_validation,id_test,temperature_scaled_logits,,,,,,,10000,C1,sgd,0.1,0.0005,0.009435838401804252,0.0005586341272362511,0.009436 ± 0.000559,0.010072355110820934,0.009208172251540737,0.009026987843051082
metric_contract_v1.2,c38b09694be88aa74de0741b39e9d3ba0d6ff61a,35a1a66f78dfd6255c4d804586ee6863969be78d21acec5cd0ccf00476ddaa5c,f80984d28ef9a7550633fb3aea514f783f3db1fa655a6d3f49850b10857e6afc,188f2e248d512bb338cd5c33c140337ac59206948aa209631ca797a09d4b9eb2,last,id/misclassification_auroc_msp_raw,ID-5,primary,up,,id_test,raw_logits,,,,,,,10000,C1,sgd,0.1,0.0005,0.9371345861410593,0.0018634890306008954,0.937135 ± 0.001863,0.9378232391786294,0.9350247826010265,0.9385557366435221
metric_contract_v1.2,c38b09694be88aa74de0741b39e9d3ba0d6ff61a,35a1a66f78dfd6255c4d804586ee6863969be78d21acec5cd0ccf00476ddaa5c,f80984d28ef9a7550633fb3aea514f783f3db1fa655a6d3f49850b10857e6afc,188f2e248d512bb338cd5c33c140337ac59206948aa209631ca797a09d4b9eb2,last,id/nll_raw,ID-2,primary,down,,id_test,raw_logits,,,,,,,10000,C1,sgd,0.1,0.0005,0.20939284801589994,0.005827092268739793,0.209393 ± 0.005827,0.21344701330746083,0.20271519420628012,0.21201633653395888
metric_contract_v1.2,c38b09694be88aa74de0741b39e9d3ba0d6ff61a,35a1a66f78dfd6255c4d804586ee6863969be78d21acec5cd0ccf00476ddaa5c,f80984d28ef9a7550633fb3aea514f783f3db1fa655a6d3f49850b10857e6afc,188f2e248d512bb338cd5c33c140337ac59206948aa209631ca797a09d4b9eb2,last,id/nll_ts,ID-4,control,down,id_validation,id_test,temperature_scaled_logits,,,,,,,10000,C1,sgd,0.1,0.0005,0.15153763557602073,0.0028018263304358817,0.151538 ± 0.002802,0.15309679844834564,0.1483030614435155,0.15321304683620107
metric_contract_v1.2,c38b09694be88aa74de0741b39e9d3ba0d6ff61a,35a1a66f78dfd6255c4d804586ee6863969be78d21acec5cd0ccf00476ddaa5c,f80984d28ef9a7550633fb3aea514f783f3db1fa655a6d3f49850b10857e6afc,188f2e248d512bb338cd5c33c140337ac59206948aa209631ca797a09d4b9eb2,last,id/temperature,ID-4,control,descriptive,id_validation,id_test,temperature_scaled_logits,,,,,,,10000,C1,sgd,0.1,0.0005,1.8123488333668052,0.0099803517354613,1.812349 ± 0.009980,1.8127555741154242,1.8021713293340729,1.8221195966509187
metric_contract_v1.2,c38b09694be88aa74de0741b39e9d3ba0d6ff61a,35a1a66f78dfd6255c4d804586ee6863969be78d21acec5cd0ccf00476ddaa5c,f80984d28ef9a7550633fb3aea514f783f3db1fa655a6d3f49850b10857e6afc,b701f780ad99d469949a985b0472b8d1f26be0545e531d92895b7559ca142328,last,id/accuracy,ID-1,primary,up,,id_test,raw_logits,,,,,,,10000,C1,adam,0.0003,0.0,0.9385333333333333,0.001650252505931582,0.938533 ± 0.001650,0.9402,0.9369,0.9385
metric_contract_v1.2,c38b09694be88aa74de0741b39e9d3ba0d6ff61a,35a1a66f78dfd6255c4d804586ee6863969be78d21acec5cd0ccf00476ddaa5c,f80984d28ef9a7550633fb3aea514f783f3db1fa655a6d3f49850b10857e6afc,b701f780ad99d469949a985b0472b8d1f26be0545e531d92895b7559ca142328,last,id/augrc_msp_raw,ID-6,primary,down,,id_test,raw_logits,,,,,,,10000,C1,adam,0.0003,0.0,0.005838373333333333,0.00020046733832057218,0.005838 ± 0.000200,0.005612739999999997,0.005995960000000007,0.0059064199999999956
metric_contract_v1.2,c38b09694be88aa74de0741b39e9d3ba0d6ff61a,35a1a66f78dfd6255c4d804586ee6863969be78d21acec5cd0ccf00476ddaa5c,f80984d28ef9a7550633fb3aea514f783f3db1fa655a6d3f49850b10857e6afc,b701f780ad99d469949a985b0472b8d1f26be0545e531d92895b7559ca142328,last,id/aurc_msp_raw,ID-7,appendix,down,,id_test,raw_logits,,,,,,,10000,C1,adam,0.0003,0.0,0.0066787015067695165,0.00018424530164870301,0.006679 ± 0.000184,0.006478469201646754,0.006841080000826703,0.006716555317835092
metric_contract_v1.2,c38b09694be88aa74de0741b39e9d3ba0d6ff61a,35a1a66f78dfd6255c4d804586ee6863969be78d21acec5cd0ccf00476ddaa5c,f80984d28ef9a7550633fb3aea514f783f3db1fa655a6d3f49850b10857e6afc,b701f780ad99d469949a985b0472b8d1f26be0545e531d92895b7559ca142328,last,id/ece_raw_m10,ID-3,appendix,down,,id_test,raw_logits,,,,,,,10000,C1,adam,0.0003,0.0,0.04904688339683625,0.0016772131708781663,0.049047 ± 0.001677,0.047190469905461954,0.05045294025746512,0.04949724002758167
metric_contract_v1.2,c38b09694be88aa74de0741b39e9d3ba0d6ff61a,35a1a66f78dfd6255c4d804586ee6863969be78d21acec5cd0ccf00476ddaa5c,f80984d28ef9a7550633fb3aea514f783f3db1fa655a6d3f49850b10857e6afc,b701f780ad99d469949a985b0472b8d1f26be0545e531d92895b7559ca142328,last,id/ece_raw_m15,ID-3,primary,down,,id_test,raw_logits,,,,,,,10000,C1,adam,0.0003,0.0,0.04910907056786592,0.001619855640553727,0.049109 ± 0.001620,0.04732598686719026,0.050489889112439554,0.049511335723967945
metric_contract_v1.2,c38b09694be88aa74de0741b39e9d3ba0d6ff61a,35a1a66f78dfd6255c4d804586ee6863969be78d21acec5cd0ccf00476ddaa5c,f80984d28ef9a7550633fb3aea514f783f3db1fa655a6d3f49850b10857e6afc,b701f780ad99d469949a985b0472b8d1f26be0545e531d92895b7559ca142328,last,id/ece_raw_m30,ID-3,appendix,down,,id_test,raw_logits,,,,,,,10000,C1,adam,0.0003,0.0,0.049376551527847236,0.0018586491828153538,0.049377 ± 0.001859,0.0473259868671904,0.050950436824016315,0.049853230892335
metric_contract_v1.2,c38b09694be88aa74de0741b39e9d3ba0d6ff61a,35a1a66f78dfd6255c4d804586ee6863969be78d21acec5cd0ccf00476ddaa5c,f80984d28ef9a7550633fb3aea514f783f3db1fa655a6d3f49850b10857e6afc,b701f780ad99d469949a985b0472b8d1f26be0545e531d92895b7559ca142328,last,id/ece_ts_m15,ID-4,control,down,id_validation,id_test,temperature_scaled_logits,,,,,,,10000,C1,adam,0.0003,0.0,0.0075239459144572675,0.000914599585015923,0.007524 ± 0.000915,0.007694925891969297,0.008340989463238108,0.0065359223881643995
metric_contract_v1.2,c38b09694be88aa74de0741b39e9d3ba0d6ff61a,35a1a66f78dfd6255c4d804586ee6863969be78d21acec5cd0ccf00476ddaa5c,f80984d28ef9a7550633fb3aea514f783f3db1fa655a6d3f49850b10857e6afc,b701f780ad99d469949a985b0472b8d1f26be0545e531d92895b7559ca142328,last,id/misclassification_auroc_msp_raw,ID-5,primary,up,,id_test,raw_logits,,,,,,,10000,C1,adam,0.0003,0.0,0.9315525598696951,0.0009801717960636815,0.931553 ± 0.000980,0.9319734860369138,0.9322519608534671,0.9304322327187045
metric_contract_v1.2,c38b09694be88aa74de0741b39e9d3ba0d6ff61a,35a1a66f78dfd6255c4d804586ee6863969be78d21acec5cd0ccf00476ddaa5c,f80984d28ef9a7550633fb3aea514f783f3db1fa655a6d3f49850b10857e6afc,b701f780ad99d469949a985b0472b8d1f26be0545e531d92895b7559ca142328,last,id/nll_raw,ID-2,primary,down,,id_test,raw_logits,,,,,,,10000,C1,adam,0.0003,0.0,0.42659339715928685,0.008536132113058844,0.426593 ± 0.008536,0.41734686552539824,0.4341733149694859,0.4282600109829764
metric_contract_v1.2,c38b09694be88aa74de0741b39e9d3ba0d6ff61a,35a1a66f78dfd6255c4d804586ee6863969be78d21acec5cd0ccf00476ddaa5c,f80984d28ef9a7550633fb3aea514f783f3db1fa655a6d3f49850b10857e6afc,b701f780ad99d469949a985b0472b8d1f26be0545e531d92895b7559ca142328,last,id/nll_ts,ID-4,control,down,id_validation,id_test,temperature_scaled_logits,,,,,,,10000,C1,adam,0.0003,0.0,0.19054978692086708,0.0036777190066423675,0.190550 ± 0.003678,0.18734858897900403,0.19456696733974885,0.1897338044438483
metric_contract_v1.2,c38b09694be88aa74de0741b39e9d3ba0d6ff61a,35a1a66f78dfd6255c4d804586ee6863969be78d21acec5cd0ccf00476ddaa5c,f80984d28ef9a7550633fb3aea514f783f3db1fa655a6d3f49850b10857e6afc,b701f780ad99d469949a985b0472b8d1f26be0545e531d92895b7559ca142328,last,id/temperature,ID-4,control,descriptive,id_validation,id_test,temperature_scaled_logits,,,,,,,10000,C1,adam,0.0003,0.0,3.416462380195194,0.03644647324919599,3.416462 ± 0.036446,3.3842844131002985,3.4090613821007976,3.456041345384487
metric_contract_v1.2,c38b09694be88aa74de0741b39e9d3ba0d6ff61a,35a1a66f78dfd6255c4d804586ee6863969be78d21acec5cd0ccf00476ddaa5c,f80984d28ef9a7550633fb3aea514f783f3db1fa655a6d3f49850b10857e6afc,61d7d1f20bc593cc2d106f24f0343084f56f811c8ebc63c856eaced34c50b65f,last,id/accuracy,ID-1,primary,up,,id_test,raw_logits,,,,,,,10000,C1,adamw,0.003,0.1,0.9525,0.001752141546793552,0.952500 ± 0.001752,0.9508,0.9524,0.9543
metric_contract_v1.2,c38b09694be88aa74de0741b39e9d3ba0d6ff61a,35a1a66f78dfd6255c4d804586ee6863969be78d21acec5cd0ccf00476ddaa5c,f80984d28ef9a7550633fb3aea514f783f3db1fa655a6d3f49850b10857e6afc,61d7d1f20bc593cc2d106f24f0343084f56f811c8ebc63c856eaced34c50b65f,last,id/augrc_msp_raw,ID-6,primary,down,,id_test,raw_logits,,,,,,,10000,C1,adamw,0.003,0.1,0.0041489549999999984,0.00014700969466331415,0.004149 ± 0.000147,0.0042659500000000045,0.003983939999999997,0.004196974999999995
metric_contract_v1.2,c38b09694be88aa74de0741b39e9d3ba0d6ff61a,35a1a66f78dfd6255c4d804586ee6863969be78d21acec5cd0ccf00476ddaa5c,f80984d28ef9a7550633fb3aea514f783f3db1fa655a6d3f49850b10857e6afc,61d7d1f20bc593cc2d106f24f0343084f56f811c8ebc63c856eaced34c50b65f,last,id/aurc_msp_raw,ID-7,appendix,down,,id_test,raw_logits,,,,,,,10000,C1,adamw,0.003,0.1,0.00508262167860435,0.00030423290129375267,0.005083 ± 0.000304,0.005348085354892638,0.004750630121354099,0.005149149559566313
metric_contract_v1.2,c38b09694be88aa74de0741b39e9d3ba0d6ff61a,35a1a66f78dfd6255c4d804586ee6863969be78d21acec5cd0ccf00476ddaa5c,f80984d28ef9a7550633fb3aea514f783f3db1fa655a6d3f49850b10857e6afc,61d7d1f20bc593cc2d106f24f0343084f56f811c8ebc63c856eaced34c50b65f,last,id/ece_raw_m10,ID-3,appendix,down,,id_test,raw_logits,,,,,,,10000,C1,adamw,0.003,0.1,0.037257949311127456,0.0014993371704482038,0.037258 ± 0.001499,0.038964034361667635,0.036659793625317766,0.036150019946396966
metric_contract_v1.2,c38b09694be88aa74de0741b39e9d3ba0d6ff61a,35a1a66f78dfd6255c4d804586ee6863969be78d21acec5cd0ccf00476ddaa5c,f80984d28ef9a7550633fb3aea514f783f3db1fa655a6d3f49850b10857e6afc,61d7d1f20bc593cc2d106f24f0343084f56f811c8ebc63c856eaced34c50b65f,last,id/ece_raw_m15,ID-3,primary,down,,id_test,raw_logits,,,,,,,10000,C1,adamw,0.003,0.1,0.03730565794692598,0.001447849058714138,0.037306 ± 0.001448,0.038964034361667566,0.03665979362531764,0.03629314585379273
metric_contract_v1.2,c38b09694be88aa74de0741b39e9d3ba0d6ff61a,35a1a66f78dfd6255c4d804586ee6863969be78d21acec5cd0ccf00476ddaa5c,f80984d28ef9a7550633fb3aea514f783f3db1fa655a6d3f49850b10857e6afc,61d7d1f20bc593cc2d106f24f0343084f56f811c8ebc63c856eaced34c50b65f,last,id/ece_raw_m30,ID-3,appendix,down,,id_test,raw_logits,,,,,,,10000,C1,adamw,0.003,0.1,0.037515373315104045,0.0014884071825711361,0.037515 ± 0.001488,0.03917289803850663,0.0370800760530129,0.0362931458537926
metric_contract_v1.2,c38b09694be88aa74de0741b39e9d3ba0d6ff61a,35a1a66f78dfd6255c4d804586ee6863969be78d21acec5cd0ccf00476ddaa5c,f80984d28ef9a7550633fb3aea514f783f3db1fa655a6d3f49850b10857e6afc,61d7d1f20bc593cc2d106f24f0343084f56f811c8ebc63c856eaced34c50b65f,last,id/ece_ts_m15,ID-4,control,down,id_validation,id_test,temperature_scaled_logits,,,,,,,10000,C1,adamw,0.003,0.1,0.007942655138675267,0.0012989801071562757,0.007943 ± 0.001299,0.008233745027643107,0.009071394042552165,0.006522826345830535
metric_contract_v1.2,c38b09694be88aa74de0741b39e9d3ba0d6ff61a,35a1a66f78dfd6255c4d804586ee6863969be78d21acec5cd0ccf00476ddaa5c,f80984d28ef9a7550633fb3aea514f783f3db1fa655a6d3f49850b10857e6afc,61d7d1f20bc593cc2d106f24f0343084f56f811c8ebc63c856eaced34c50b65f,last,id/misclassification_auroc_msp_raw,ID-5,primary,up,,id_test,raw_logits,,,,,,,10000,C1,adamw,0.003,0.1,0.9331663147913888,0.004880083240599806,0.933166 ± 0.004880,0.9346799528681025,0.9371102283836676,0.9277087631223959
metric_contract_v1.2,c38b09694be88aa74de0741b39e9d3ba0d6ff61a,35a1a66f78dfd6255c4d804586ee6863969be78d21acec5cd0ccf00476ddaa5c,f80984d28ef9a7550633fb3aea514f783f3db1fa655a6d3f49850b10857e6afc,61d7d1f20bc593cc2d106f24f0343084f56f811c8ebc63c856eaced34c50b65f,last,id/nll_raw,ID-2,primary,down,,id_test,raw_logits,,,,,,,10000,C1,adamw,0.003,0.1,0.3106398180535173,0.0052292394475314755,0.310640 ± 0.005229,0.3117827976326212,0.30493362832522186,0.31520302820270896
metric_contract_v1.2,c38b09694be88aa74de0741b39e9d3ba0d6ff61a,35a1a66f78dfd6255c4d804586ee6863969be78d21acec5cd0ccf00476ddaa5c,f80984d28ef9a7550633fb3aea514f783f3db1fa655a6d3f49850b10857e6afc,61d7d1f20bc593cc2d106f24f0343084f56f811c8ebc63c856eaced34c50b65f,last,id/nll_ts,ID-4,control,down,id_validation,id_test,temperature_scaled_logits,,,,,,,10000,C1,adamw,0.003,0.1,0.15773442784959327,0.001576524366959416,0.157734 ± 0.001577,0.15882577160078745,0.1559269494546899,0.1584505624933025
metric_contract_v1.2,c38b09694be88aa74de0741b39e9d3ba0d6ff61a,35a1a66f78dfd6255c4d804586ee6863969be78d21acec5cd0ccf00476ddaa5c,f80984d28ef9a7550633fb3aea514f783f3db1fa655a6d3f49850b10857e6afc,61d7d1f20bc593cc2d106f24f0343084f56f811c8ebc63c856eaced34c50b65f,last,id/temperature,ID-4,control,descriptive,id_validation,id_test,temperature_scaled_logits,,,,,,,10000,C1,adamw,0.003,0.1,2.7972286952054373,0.04885173905160751,2.797229 ± 0.048852,2.844149012812937,2.7466511018793205,2.8008859709240546
metric_contract_v1.2,c38b09694be88aa74de0741b39e9d3ba0d6ff61a,35a1a66f78dfd6255c4d804586ee6863969be78d21acec5cd0ccf00476ddaa5c,f80984d28ef9a7550633fb3aea514f783f3db1fa655a6d3f49850b10857e6afc,86af0abedd46c2a0c8eddb4fea4739037bd2bfd7259cc44a9b8303088bfee3b9,last,id/accuracy,ID-1,primary,up,,id_test,raw_logits,,,,,,,10000,C2,sgd,0.3,0.0001,0.9510666666666667,0.0024214320831551636,0.951067 ± 0.002421,0.9528,0.9521,0.9483
metric_contract_v1.2,c38b09694be88aa74de0741b39e9d3ba0d6ff61a,35a1a66f78dfd6255c4d804586ee6863969be78d21acec5cd0ccf00476ddaa5c,f80984d28ef9a7550633fb3aea514f783f3db1fa655a6d3f49850b10857e6afc,86af0abedd46c2a0c8eddb4fea4739037bd2bfd7259cc44a9b8303088bfee3b9,last,id/augrc_msp_raw,ID-6,primary,down,,id_test,raw_logits,,,,,,,10000,C2,sgd,0.3,0.0001,0.004020176666666667,0.00031069433855210267,0.004020 ± 0.000311,0.00382844,0.003853445000000009,0.004378644999999991
metric_contract_v1.2,c38b09694be88aa74de0741b39e9d3ba0d6ff61a,35a1a66f78dfd6255c4d804586ee6863969be78d21acec5cd0ccf00476ddaa5c,f80984d28ef9a7550633fb3aea514f783f3db1fa655a6d3f49850b10857e6afc,86af0abedd46c2a0c8eddb4fea4739037bd2bfd7259cc44a9b8303088bfee3b9,last,id/aurc_msp_raw,ID-7,appendix,down,,id_test,raw_logits,,,,,,,10000,C2,sgd,0.3,0.0001,0.004705901088347509,0.0004612539171712903,0.004706 ± 0.000461,0.004368780468452827,0.004517365554245627,0.005231557242344076
metric_contract_v1.2,c38b09694be88aa74de0741b39e9d3ba0d6ff61a,35a1a66f78dfd6255c4d804586ee6863969be78d21acec5cd0ccf00476ddaa5c,f80984d28ef9a7550633fb3aea514f783f3db1fa655a6d3f49850b10857e6afc,86af0abedd46c2a0c8eddb4fea4739037bd2bfd7259cc44a9b8303088bfee3b9,last,id/ece_raw_m10,ID-3,appendix,down,,id_test,raw_logits,,,,,,,10000,C2,sgd,0.3,0.0001,0.03236063093056645,0.001410220136928541,0.032361 ± 0.001410,0.03148414491574842,0.03161036645631198,0.03398738141963894
metric_contract_v1.2,c38b09694be88aa74de0741b39e9d3ba0d6ff61a,35a1a66f78dfd6255c4d804586ee6863969be78d21acec5cd0ccf00476ddaa5c,f80984d28ef9a7550633fb3aea514f783f3db1fa655a6d3f49850b10857e6afc,86af0abedd46c2a0c8eddb4fea4739037bd2bfd7259cc44a9b8303088bfee3b9,last,id/ece_raw_m15,ID-3,primary,down,,id_test,raw_logits,,,,,,,10000,C2,sgd,0.3,0.0001,0.032361179613765396,0.001408335695167074,0.032361 ± 0.001408,0.03154488571662892,0.03155127170502833,0.03398738141963893
metric_contract_v1.2,c38b09694be88aa74de0741b39e9d3ba0d6ff61a,35a1a66f78dfd6255c4d804586ee6863969be78d21acec5cd0ccf00476ddaa5c,f80984d28ef9a7550633fb3aea514f783f3db1fa655a6d3f49850b10857e6afc,86af0abedd46c2a0c8eddb4fea4739037bd2bfd7259cc44a9b8303088bfee3b9,last,id/ece_raw_m30,ID-3,appendix,down,,id_test,raw_logits,,,,,,,10000,C2,sgd,0.3,0.0001,0.03253140994309713,0.0012665610729073041,0.032531 ± 0.001267,0.031683894936332335,0.03192295347332017,0.033987381419638904
metric_contract_v1.2,c38b09694be88aa74de0741b39e9d3ba0d6ff61a,35a1a66f78dfd6255c4d804586ee6863969be78d21acec5cd0ccf00476ddaa5c,f80984d28ef9a7550633fb3aea514f783f3db1fa655a6d3f49850b10857e6afc,86af0abedd46c2a0c8eddb4fea4739037bd2bfd7259cc44a9b8303088bfee3b9,last,id/ece_ts_m15,ID-4,control,down,id_validation,id_test,temperature_scaled_logits,,,,,,,10000,C2,sgd,0.3,0.0001,0.006309227883934882,0.001524757580144856,0.006309 ± 0.001525,0.007627701902690258,0.006660488462188894,0.004639493286925495
metric_contract_v1.2,c38b09694be88aa74de0741b39e9d3ba0d6ff61a,35a1a66f78dfd6255c4d804586ee6863969be78d21acec5cd0ccf00476ddaa5c,f80984d28ef9a7550633fb3aea514f783f3db1fa655a6d3f49850b10857e6afc,86af0abedd46c2a0c8eddb4fea4739037bd2bfd7259cc44a9b8303088bfee3b9,last,id/misclassification_auroc_msp_raw,ID-5,primary,up,,id_test,raw_logits,,,,,,,10000,C2,sgd,0.3,0.0001,0.9394161710483951,0.0013694319575348073,0.939416 ± 0.001369,0.9396399906075226,0.9406599059457403,0.9379486165919224
metric_contract_v1.2,c38b09694be88aa74de0741b39e9d3ba0d6ff61a,35a1a66f78dfd6255c4d804586ee6863969be78d21acec5cd0ccf00476ddaa5c,f80984d28ef9a7550633fb3aea514f783f3db1fa655a6d3f49850b10857e6afc,86af0abedd46c2a0c8eddb4fea4739037bd2bfd7259cc44a9b8303088bfee3b9,last,id/nll_raw,ID-2,primary,down,,id_test,raw_logits,,,,,,,10000,C2,sgd,0.3,0.0001,0.2292034784724898,0.007112453881272561,0.229203 ± 0.007112,0.2230096944154489,0.2276297410461843,0.23697099995583631
metric_contract_v1.2,c38b09694be88aa74de0741b39e9d3ba0d6ff61a,35a1a66f78dfd6255c4d804586ee6863969be78d21acec5cd0ccf00476ddaa5c,f80984d28ef9a7550633fb3aea514f783f3db1fa655a6d3f49850b10857e6afc,86af0abedd46c2a0c8eddb4fea4739037bd2bfd7259cc44a9b8303088bfee3b9,last,id/nll_ts,ID-4,control,down,id_validation,id_test,temperature_scaled_logits,,,,,,,10000,C2,sgd,0.3,0.0001,0.1554339137078065,0.0055871755113870636,0.155434 ± 0.005587,0.1518186342904415,0.15261404369247691,0.16186906314050103
metric_contract_v1.2,c38b09694be88aa74de0741b39e9d3ba0d6ff61a,35a1a66f78dfd6255c4d804586ee6863969be78d21acec5cd0ccf00476ddaa5c,f80984d28ef9a7550633fb3aea514f783f3db1fa655a6d3f49850b10857e6afc,86af0abedd46c2a0c8eddb4fea4739037bd2bfd7259cc44a9b8303088bfee3b9,last,id/temperature,ID-4,control,descriptive,id_validation,id_test,temperature_scaled_logits,,,,,,,10000,C2,sgd,0.3,0.0001,2.0821371694658612,0.04662079823932174,2.082137 ± 0.046621,2.034788504939227,2.127994305973226,2.0836286974851297
metric_contract_v1.2,c38b09694be88aa74de0741b39e9d3ba0d6ff61a,35a1a66f78dfd6255c4d804586ee6863969be78d21acec5cd0ccf00476ddaa5c,f80984d28ef9a7550633fb3aea514f783f3db1fa655a6d3f49850b10857e6afc,db137e7d3c712f7a4752a4ecaee827c58ae25bc907f916dbab0de88a87e33211,last,id/accuracy,ID-1,primary,up,,id_test,raw_logits,,,,,,,10000,C2,adam,0.0003,0.001,0.9355000000000001,0.0020663978319771857,0.935500 ± 0.002066,0.9372,0.9332,0.9361
metric_contract_v1.2,c38b09694be88aa74de0741b39e9d3ba0d6ff61a,35a1a66f78dfd6255c4d804586ee6863969be78d21acec5cd0ccf00476ddaa5c,f80984d28ef9a7550633fb3aea514f783f3db1fa655a6d3f49850b10857e6afc,db137e7d3c712f7a4752a4ecaee827c58ae25bc907f916dbab0de88a87e33211,last,id/augrc_msp_raw,ID-6,primary,down,,id_test,raw_logits,,,,,,,10000,C2,adam,0.0003,0.001,0.006448558333333323,0.00032240533689493193,0.006449 ± 0.000322,0.006289439999999988,0.006819589999999992,0.006236644999999989
metric_contract_v1.2,c38b09694be88aa74de0741b39e9d3ba0d6ff61a,35a1a66f78dfd6255c4d804586ee6863969be78d21acec5cd0ccf00476ddaa5c,f80984d28ef9a7550633fb3aea514f783f3db1fa655a6d3f49850b10857e6afc,db137e7d3c712f7a4752a4ecaee827c58ae25bc907f916dbab0de88a87e33211,last,id/aurc_msp_raw,ID-7,appendix,down,,id_test,raw_logits,,,,,,,10000,C2,adam,0.0003,0.001,0.007553457400438928,0.00046243670073923404,0.007553 ± 0.000462,0.007330826111375912,0.00808509932780104,0.007244446762139832
metric_contract_v1.2,c38b09694be88aa74de0741b39e9d3ba0d6ff61a,35a1a66f78dfd6255c4d804586ee6863969be78d21acec5cd0ccf00476ddaa5c,f80984d28ef9a7550633fb3aea514f783f3db1fa655a6d3f49850b10857e6afc,db137e7d3c712f7a4752a4ecaee827c58ae25bc907f916dbab0de88a87e33211,last,id/ece_raw_m10,ID-3,appendix,down,,id_test,raw_logits,,,,,,,10000,C2,adam,0.0003,0.001,0.04194888052693537,0.0016535240223516758,0.041949 ± 0.001654,0.040738453927303936,0.04383287929651237,0.04127530835698981
metric_contract_v1.2,c38b09694be88aa74de0741b39e9d3ba0d6ff61a,35a1a66f78dfd6255c4d804586ee6863969be78d21acec5cd0ccf00476ddaa5c,f80984d28ef9a7550633fb3aea514f783f3db1fa655a6d3f49850b10857e6afc,db137e7d3c712f7a4752a4ecaee827c58ae25bc907f916dbab0de88a87e33211,last,id/ece_raw_m15,ID-3,primary,down,,id_test,raw_logits,,,,,,,10000,C2,adam,0.0003,0.001,0.04204238956061543,0.0015558971834979968,0.042042 ± 0.001556,0.04101898102834408,0.04383287929651241,0.04127530835698979
metric_contract_v1.2,c38b09694be88aa74de0741b39e9d3ba0d6ff61a,35a1a66f78dfd6255c4d804586ee6863969be78d21acec5cd0ccf00476ddaa5c,f80984d28ef9a7550633fb3aea514f783f3db1fa655a6d3f49850b10857e6afc,db137e7d3c712f7a4752a4ecaee827c58ae25bc907f916dbab0de88a87e33211,last,id/ece_raw_m30,ID-3,appendix,down,,id_test,raw_logits,,,,,,,10000,C2,adam,0.0003,0.001,0.042367640566180975,0.0017136771965294362,0.042368 ± 0.001714,0.04124365273280421,0.04434001671713096,0.041519252248607766
metric_contract_v1.2,c38b09694be88aa74de0741b39e9d3ba0d6ff61a,35a1a66f78dfd6255c4d804586ee6863969be78d21acec5cd0ccf00476ddaa5c,f80984d28ef9a7550633fb3aea514f783f3db1fa655a6d3f49850b10857e6afc,db137e7d3c712f7a4752a4ecaee827c58ae25bc907f916dbab0de88a87e33211,last,id/ece_ts_m15,ID-4,control,down,id_validation,id_test,temperature_scaled_logits,,,,,,,10000,C2,adam,0.0003,0.001,0.007289181353615277,0.001731855973046646,0.007289 ± 0.001732,0.008914561462015573,0.0054675662582005565,0.007485416340629702
metric_contract_v1.2,c38b09694be88aa74de0741b39e9d3ba0d6ff61a,35a1a66f78dfd6255c4d804586ee6863969be78d21acec5cd0ccf00476ddaa5c,f80984d28ef9a7550633fb3aea514f783f3db1fa655a6d3f49850b10857e6afc,db137e7d3c712f7a4752a4ecaee827c58ae25bc907f916dbab0de88a87e33211,last,id/misclassification_auroc_msp_raw,ID-5,primary,up,,id_test,raw_logits,,,,,,,10000,C2,adam,0.0003,0.001,0.9276349273122774,0.001938364877024098,0.927635 ± 0.001938,0.9266428526767633,0.9263934090669925,0.9298685201930763
metric_contract_v1.2,c38b09694be88aa74de0741b39e9d3ba0d6ff61a,35a1a66f78dfd6255c4d804586ee6863969be78d21acec5cd0ccf00476ddaa5c,f80984d28ef9a7550633fb3aea514f783f3db1fa655a6d3f49850b10857e6afc,db137e7d3c712f7a4752a4ecaee827c58ae25bc907f916dbab0de88a87e33211,last,id/nll_raw,ID-2,primary,down,,id_test,raw_logits,,,,,,,10000,C2,adam,0.0003,0.001,0.29125254188004307,0.009723618228508202,0.291253 ± 0.009724,0.2901462869182439,0.30148197554788186,0.28212936317400344
metric_contract_v1.2,c38b09694be88aa74de0741b39e9d3ba0d6ff61a,35a1a66f78dfd6255c4d804586ee6863969be78d21acec5cd0ccf00476ddaa5c,f80984d28ef9a7550633fb3aea514f783f3db1fa655a6d3f49850b10857e6afc,db137e7d3c712f7a4752a4ecaee827c58ae25bc907f916dbab0de88a87e33211,last,id/nll_ts,ID-4,control,down,id_validation,id_test,temperature_scaled_logits,,,,,,,10000,C2,adam,0.0003,0.001,0.20682128870725044,0.00510256225270113,0.206821 ± 0.005103,0.20467596650000996,0.21264624778269767,0.20314165183904365
metric_contract_v1.2,c38b09694be88aa74de0741b39e9d3ba0d6ff61a,35a1a66f78dfd6255c4d804586ee6863969be78d21acec5cd0ccf00476ddaa5c,f80984d28ef9a7550633fb3aea514f783f3db1fa655a6d3f49850b10857e6afc,db137e7d3c712f7a4752a4ecaee827c58ae25bc907f916dbab0de88a87e33211,last,id/temperature,ID-4,control,descriptive,id_validation,id_test,temperature_scaled_logits,,,,,,,10000,C2,adam,0.0003,0.001,2.0198105050269817,0.034915050931589295,2.019811 ± 0.034915,1.9871040869674472,2.05657886639127,2.0157485617222286
metric_contract_v1.2,c38b09694be88aa74de0741b39e9d3ba0d6ff61a,35a1a66f78dfd6255c4d804586ee6863969be78d21acec5cd0ccf00476ddaa5c,f80984d28ef9a7550633fb3aea514f783f3db1fa655a6d3f49850b10857e6afc,f315d560c588b29298c6e3749f644634c09a1f3187eeea25d98e941c498f6242,last,id/accuracy,ID-1,primary,up,,id_test,raw_logits,,,,,,,10000,C3,sgd,0.1,0.0,0.9413333333333332,0.0015821925715074378,0.941333 ± 0.001582,0.9417,0.9427,0.9396
metric_contract_v1.2,c38b09694be88aa74de0741b39e9d3ba0d6ff61a,35a1a66f78dfd6255c4d804586ee6863969be78d21acec5cd0ccf00476ddaa5c,f80984d28ef9a7550633fb3aea514f783f3db1fa655a6d3f49850b10857e6afc,f315d560c588b29298c6e3749f644634c09a1f3187eeea25d98e941c498f6242,last,id/augrc_msp_raw,ID-6,primary,down,,id_test,raw_logits,,,,,,,10000,C3,sgd,0.1,0.0,0.005083076666666671,0.0002678255932660925,0.005083 ± 0.000268,0.005111399999999999,0.0048022150000000055,0.0053356150000000106
metric_contract_v1.2,c38b09694be88aa74de0741b39e9d3ba0d6ff61a,35a1a66f78dfd6255c4d804586ee6863969be78d21acec5cd0ccf00476ddaa5c,f80984d28ef9a7550633fb3aea514f783f3db1fa655a6d3f49850b10857e6afc,f315d560c588b29298c6e3749f644634c09a1f3187eeea25d98e941c498f6242,last,id/aurc_msp_raw,ID-7,appendix,down,,id_test,raw_logits,,,,,,,10000,C3,sgd,0.1,0.0,0.005704186123521435,0.0003833572879886951,0.005704 ± 0.000383,0.005768916798279655,0.0052925843624393055,0.006051057209845345
metric_contract_v1.2,c38b09694be88aa74de0741b39e9d3ba0d6ff61a,35a1a66f78dfd6255c4d804586ee6863969be78d21acec5cd0ccf00476ddaa5c,f80984d28ef9a7550633fb3aea514f783f3db1fa655a6d3f49850b10857e6afc,f315d560c588b29298c6e3749f644634c09a1f3187eeea25d98e941c498f6242,last,id/ece_raw_m10,ID-3,appendix,down,,id_test,raw_logits,,,,,,,10000,C3,sgd,0.1,0.0,0.04395021801263522,0.0013356314522980192,0.043950 ± 0.001336,0.04379516236341646,0.042698881778884326,0.04535660989560487
metric_contract_v1.2,c38b09694be88aa74de0741b39e9d3ba0d6ff61a,35a1a66f78dfd6255c4d804586ee6863969be78d21acec5cd0ccf00476ddaa5c,f80984d28ef9a7550633fb3aea514f783f3db1fa655a6d3f49850b10857e6afc,f315d560c588b29298c6e3749f644634c09a1f3187eeea25d98e941c498f6242,last,id/ece_raw_m15,ID-3,primary,down,,id_test,raw_logits,,,,,,,10000,C3,sgd,0.1,0.0,0.04402408685563799,0.0013482172913354506,0.044024 ± 0.001348,0.04379516236341638,0.042804988061787855,0.04547211014170974
metric_contract_v1.2,c38b09694be88aa74de0741b39e9d3ba0d6ff61a,35a1a66f78dfd6255c4d804586ee6863969be78d21acec5cd0ccf00476ddaa5c,f80984d28ef9a7550633fb3aea514f783f3db1fa655a6d3f49850b10857e6afc,f315d560c588b29298c6e3749f644634c09a1f3187eeea25d98e941c498f6242,last,id/ece_raw_m30,ID-3,appendix,down,,id_test,raw_logits,,,,,,,10000,C3,sgd,0.1,0.0,0.04413014227950485,0.0014385915161822071,0.044130 ± 0.001439,0.0438616935008698,0.04284468466556657,0.04568404867207819
metric_contract_v1.2,c38b09694be88aa74de0741b39e9d3ba0d6ff61a,35a1a66f78dfd6255c4d804586ee6863969be78d21acec5cd0ccf00476ddaa5c,f80984d28ef9a7550633fb3aea514f783f3db1fa655a6d3f49850b10857e6afc,f315d560c588b29298c6e3749f644634c09a1f3187eeea25d98e941c498f6242,last,id/ece_ts_m15,ID-4,control,down,id_validation,id_test,temperature_scaled_logits,,,,,,,10000,C3,sgd,0.1,0.0,0.006133737597010289,0.0021697588455073047,0.006134 ± 0.002170,0.005153538489485093,0.004627024508119026,0.008620649793426749
metric_contract_v1.2,c38b09694be88aa74de0741b39e9d3ba0d6ff61a,35a1a66f78dfd6255c4d804586ee6863969be78d21acec5cd0ccf00476ddaa5c,f80984d28ef9a7550633fb3aea514f783f3db1fa655a6d3f49850b10857e6afc,f315d560c588b29298c6e3749f644634c09a1f3187eeea25d98e941c498f6242,last,id/misclassification_auroc_msp_raw,ID-5,primary,up,,id_test,raw_logits,,,,,,,10000,C3,sgd,0.1,0.0,0.9391554943327153,0.002025474544534365,0.939155 ± 0.002025,0.9378527137247317,0.9414890318199682,0.9381247374534463
metric_contract_v1.2,c38b09694be88aa74de0741b39e9d3ba0d6ff61a,35a1a66f78dfd6255c4d804586ee6863969be78d21acec5cd0ccf00476ddaa5c,f80984d28ef9a7550633fb3aea514f783f3db1fa655a6d3f49850b10857e6afc,f315d560c588b29298c6e3749f644634c09a1f3187eeea25d98e941c498f6242,last,id/nll_raw,ID-2,primary,down,,id_test,raw_logits,,,,,,,10000,C3,sgd,0.1,0.0,0.34710654293146054,0.013865744861582891,0.347107 ± 0.013866,0.34933195834235803,0.3322626835899247,0.3597249868620989
metric_contract_v1.2,c38b09694be88aa74de0741b39e9d3ba0d6ff61a,35a1a66f78dfd6255c4d804586ee6863969be78d21acec5cd0ccf00476ddaa5c,f80984d28ef9a7550633fb3aea514f783f3db1fa655a6d3f49850b10857e6afc,f315d560c588b29298c6e3749f644634c09a1f3187eeea25d98e941c498f6242,last,id/nll_ts,ID-4,control,down,id_validation,id_test,temperature_scaled_logits,,,,,,,10000,C3,sgd,0.1,0.0,0.17578794095915742,0.004595397766263274,0.175788 ± 0.004595,0.17563456056446897,0.17127115355548178,0.18045810875752155
metric_contract_v1.2,c38b09694be88aa74de0741b39e9d3ba0d6ff61a,35a1a66f78dfd6255c4d804586ee6863969be78d21acec5cd0ccf00476ddaa5c,f80984d28ef9a7550633fb3aea514f783f3db1fa655a6d3f49850b10857e6afc,f315d560c588b29298c6e3749f644634c09a1f3187eeea25d98e941c498f6242,last,id/temperature,ID-4,control,descriptive,id_validation,id_test,temperature_scaled_logits,,,,,,,10000,C3,sgd,0.1,0.0,3.0527027000686044,0.07275708460426641,3.052703 ± 0.072757,3.135514674607546,3.0235533850568768,2.999040040541392
metric_contract_v1.2,c38b09694be88aa74de0741b39e9d3ba0d6ff61a,35a1a66f78dfd6255c4d804586ee6863969be78d21acec5cd0ccf00476ddaa5c,f80984d28ef9a7550633fb3aea514f783f3db1fa655a6d3f49850b10857e6afc,b701f780ad99d469949a985b0472b8d1f26be0545e531d92895b7559ca142328,last,id/accuracy,ID-1,primary,up,,id_test,raw_logits,,,,,,,10000,C3,adam,0.0003,0.0,0.9385333333333333,0.001650252505931582,0.938533 ± 0.001650,0.9402,0.9369,0.9385
metric_contract_v1.2,c38b09694be88aa74de0741b39e9d3ba0d6ff61a,35a1a66f78dfd6255c4d804586ee6863969be78d21acec5cd0ccf00476ddaa5c,f80984d28ef9a7550633fb3aea514f783f3db1fa655a6d3f49850b10857e6afc,b701f780ad99d469949a985b0472b8d1f26be0545e531d92895b7559ca142328,last,id/augrc_msp_raw,ID-6,primary,down,,id_test,raw_logits,,,,,,,10000,C3,adam,0.0003,0.0,0.005838373333333333,0.00020046733832057218,0.005838 ± 0.000200,0.005612739999999997,0.005995960000000007,0.0059064199999999956
metric_contract_v1.2,c38b09694be88aa74de0741b39e9d3ba0d6ff61a,35a1a66f78dfd6255c4d804586ee6863969be78d21acec5cd0ccf00476ddaa5c,f80984d28ef9a7550633fb3aea514f783f3db1fa655a6d3f49850b10857e6afc,b701f780ad99d469949a985b0472b8d1f26be0545e531d92895b7559ca142328,last,id/aurc_msp_raw,ID-7,appendix,down,,id_test,raw_logits,,,,,,,10000,C3,adam,0.0003,0.0,0.0066787015067695165,0.00018424530164870301,0.006679 ± 0.000184,0.006478469201646754,0.006841080000826703,0.006716555317835092
metric_contract_v1.2,c38b09694be88aa74de0741b39e9d3ba0d6ff61a,35a1a66f78dfd6255c4d804586ee6863969be78d21acec5cd0ccf00476ddaa5c,f80984d28ef9a7550633fb3aea514f783f3db1fa655a6d3f49850b10857e6afc,b701f780ad99d469949a985b0472b8d1f26be0545e531d92895b7559ca142328,last,id/ece_raw_m10,ID-3,appendix,down,,id_test,raw_logits,,,,,,,10000,C3,adam,0.0003,0.0,0.04904688339683625,0.0016772131708781663,0.049047 ± 0.001677,0.047190469905461954,0.05045294025746512,0.04949724002758167
metric_contract_v1.2,c38b09694be88aa74de0741b39e9d3ba0d6ff61a,35a1a66f78dfd6255c4d804586ee6863969be78d21acec5cd0ccf00476ddaa5c,f80984d28ef9a7550633fb3aea514f783f3db1fa655a6d3f49850b10857e6afc,b701f780ad99d469949a985b0472b8d1f26be0545e531d92895b7559ca142328,last,id/ece_raw_m15,ID-3,primary,down,,id_test,raw_logits,,,,,,,10000,C3,adam,0.0003,0.0,0.04910907056786592,0.001619855640553727,0.049109 ± 0.001620,0.04732598686719026,0.050489889112439554,0.049511335723967945
metric_contract_v1.2,c38b09694be88aa74de0741b39e9d3ba0d6ff61a,35a1a66f78dfd6255c4d804586ee6863969be78d21acec5cd0ccf00476ddaa5c,f80984d28ef9a7550633fb3aea514f783f3db1fa655a6d3f49850b10857e6afc,b701f780ad99d469949a985b0472b8d1f26be0545e531d92895b7559ca142328,last,id/ece_raw_m30,ID-3,appendix,down,,id_test,raw_logits,,,,,,,10000,C3,adam,0.0003,0.0,0.049376551527847236,0.0018586491828153538,0.049377 ± 0.001859,0.0473259868671904,0.050950436824016315,0.049853230892335
metric_contract_v1.2,c38b09694be88aa74de0741b39e9d3ba0d6ff61a,35a1a66f78dfd6255c4d804586ee6863969be78d21acec5cd0ccf00476ddaa5c,f80984d28ef9a7550633fb3aea514f783f3db1fa655a6d3f49850b10857e6afc,b701f780ad99d469949a985b0472b8d1f26be0545e531d92895b7559ca142328,last,id/ece_ts_m15,ID-4,control,down,id_validation,id_test,temperature_scaled_logits,,,,,,,10000,C3,adam,0.0003,0.0,0.0075239459144572675,0.000914599585015923,0.007524 ± 0.000915,0.007694925891969297,0.008340989463238108,0.0065359223881643995
metric_contract_v1.2,c38b09694be88aa74de0741b39e9d3ba0d6ff61a,35a1a66f78dfd6255c4d804586ee6863969be78d21acec5cd0ccf00476ddaa5c,f80984d28ef9a7550633fb3aea514f783f3db1fa655a6d3f49850b10857e6afc,b701f780ad99d469949a985b0472b8d1f26be0545e531d92895b7559ca142328,last,id/misclassification_auroc_msp_raw,ID-5,primary,up,,id_test,raw_logits,,,,,,,10000,C3,adam,0.0003,0.0,0.9315525598696951,0.0009801717960636815,0.931553 ± 0.000980,0.9319734860369138,0.9322519608534671,0.9304322327187045
metric_contract_v1.2,c38b09694be88aa74de0741b39e9d3ba0d6ff61a,35a1a66f78dfd6255c4d804586ee6863969be78d21acec5cd0ccf00476ddaa5c,f80984d28ef9a7550633fb3aea514f783f3db1fa655a6d3f49850b10857e6afc,b701f780ad99d469949a985b0472b8d1f26be0545e531d92895b7559ca142328,last,id/nll_raw,ID-2,primary,down,,id_test,raw_logits,,,,,,,10000,C3,adam,0.0003,0.0,0.42659339715928685,0.008536132113058844,0.426593 ± 0.008536,0.41734686552539824,0.4341733149694859,0.4282600109829764
metric_contract_v1.2,c38b09694be88aa74de0741b39e9d3ba0d6ff61a,35a1a66f78dfd6255c4d804586ee6863969be78d21acec5cd0ccf00476ddaa5c,f80984d28ef9a7550633fb3aea514f783f3db1fa655a6d3f49850b10857e6afc,b701f780ad99d469949a985b0472b8d1f26be0545e531d92895b7559ca142328,last,id/nll_ts,ID-4,control,down,id_validation,id_test,temperature_scaled_logits,,,,,,,10000,C3,adam,0.0003,0.0,0.19054978692086708,0.0036777190066423675,0.190550 ± 0.003678,0.18734858897900403,0.19456696733974885,0.1897338044438483
metric_contract_v1.2,c38b09694be88aa74de0741b39e9d3ba0d6ff61a,35a1a66f78dfd6255c4d804586ee6863969be78d21acec5cd0ccf00476ddaa5c,f80984d28ef9a7550633fb3aea514f783f3db1fa655a6d3f49850b10857e6afc,b701f780ad99d469949a985b0472b8d1f26be0545e531d92895b7559ca142328,last,id/temperature,ID-4,control,descriptive,id_validation,id_test,temperature_scaled_logits,,,,,,,10000,C3,adam,0.0003,0.0,3.416462380195194,0.03644647324919599,3.416462 ± 0.036446,3.3842844131002985,3.4090613821007976,3.456041345384487
metric_contract_v1.2,c38b09694be88aa74de0741b39e9d3ba0d6ff61a,35a1a66f78dfd6255c4d804586ee6863969be78d21acec5cd0ccf00476ddaa5c,f80984d28ef9a7550633fb3aea514f783f3db1fa655a6d3f49850b10857e6afc,5742764ef3bd686abf56fbeafa222ed2fa2784afb6f787533493cfe88190f71f,last,id/accuracy,ID-1,primary,up,,id_test,raw_logits,,,,,,,10000,C3,adamw,0.001,0.0001,0.9391666666666666,0.0016502525059315272,0.939167 ± 0.001650,0.9392,0.9375,0.9408
metric_contract_v1.2,c38b09694be88aa74de0741b39e9d3ba0d6ff61a,35a1a66f78dfd6255c4d804586ee6863969be78d21acec5cd0ccf00476ddaa5c,f80984d28ef9a7550633fb3aea514f783f3db1fa655a6d3f49850b10857e6afc,5742764ef3bd686abf56fbeafa222ed2fa2784afb6f787533493cfe88190f71f,last,id/augrc_msp_raw,ID-6,primary,down,,id_test,raw_logits,,,,,,,10000,C3,adamw,0.001,0.0001,0.005632886666666662,0.00012673962288224026,0.005633 ± 0.000127,0.005581354999999993,0.005777274999999992,0.005540030000000001
metric_contract_v1.2,c38b09694be88aa74de0741b39e9d3ba0d6ff61a,35a1a66f78dfd6255c4d804586ee6863969be78d21acec5cd0ccf00476ddaa5c,f80984d28ef9a7550633fb3aea514f783f3db1fa655a6d3f49850b10857e6afc,5742764ef3bd686abf56fbeafa222ed2fa2784afb6f787533493cfe88190f71f,last,id/aurc_msp_raw,ID-7,appendix,down,,id_test,raw_logits,,,,,,,10000,C3,adamw,0.001,0.0001,0.00653874056486545,0.00013988496153935292,0.006539 ± 0.000140,0.00652878831404142,0.0066833358758950495,0.006404097504659877
metric_contract_v1.2,c38b09694be88aa74de0741b39e9d3ba0d6ff61a,35a1a66f78dfd6255c4d804586ee6863969be78d21acec5cd0ccf00476ddaa5c,f80984d28ef9a7550633fb3aea514f783f3db1fa655a6d3f49850b10857e6afc,5742764ef3bd686abf56fbeafa222ed2fa2784afb6f787533493cfe88190f71f,last,id/ece_raw_m10,ID-3,appendix,down,,id_test,raw_logits,,,,,,,10000,C3,adamw,0.001,0.0001,0.0499110643699518,0.0012914627326969176,0.049911 ± 0.001291,0.05020769165929331,0.05102840675215345,0.048497094698408655
metric_contract_v1.2,c38b09694be88aa74de0741b39e9d3ba0d6ff61a,35a1a66f78dfd6255c4d804586ee6863969be78d21acec5cd0ccf00476ddaa5c,f80984d28ef9a7550633fb3aea514f783f3db1fa655a6d3f49850b10857e6afc,5742764ef3bd686abf56fbeafa222ed2fa2784afb6f787533493cfe88190f71f,last,id/ece_raw_m15,ID-3,primary,down,,id_test,raw_logits,,,,,,,10000,C3,adamw,0.001,0.0001,0.049872434175056914,0.0012421205271032493,0.049872 ± 0.001242,0.0502076916592935,0.050912516167468544,0.048497094698408724
metric_contract_v1.2,c38b09694be88aa74de0741b39e9d3ba0d6ff61a,35a1a66f78dfd6255c4d804586ee6863969be78d21acec5cd0ccf00476ddaa5c,f80984d28ef9a7550633fb3aea514f783f3db1fa655a6d3f49850b10857e6afc,5742764ef3bd686abf56fbeafa222ed2fa2784afb6f787533493cfe88190f71f,last,id/ece_raw_m30,ID-3,appendix,down,,id_test,raw_logits,,,,,,,10000,C3,adamw,0.001,0.0001,0.0499936730602554,0.0012440298921457152,0.049994 ± 0.001244,0.050207691659293355,0.05111680903752346,0.04865651848394939
metric_contract_v1.2,c38b09694be88aa74de0741b39e9d3ba0d6ff61a,35a1a66f78dfd6255c4d804586ee6863969be78d21acec5cd0ccf00476ddaa5c,f80984d28ef9a7550633fb3aea514f783f3db1fa655a6d3f49850b10857e6afc,5742764ef3bd686abf56fbeafa222ed2fa2784afb6f787533493cfe88190f71f,last,id/ece_ts_m15,ID-4,control,down,id_validation,id_test,temperature_scaled_logits,,,,,,,10000,C3,adamw,0.001,0.0001,0.005992044018638249,0.0020815276766388223,0.005992 ± 0.002082,0.005774675971108797,0.008173726068824693,0.004027730015981257
metric_contract_v1.2,c38b09694be88aa74de0741b39e9d3ba0d6ff61a,35a1a66f78dfd6255c4d804586ee6863969be78d21acec5cd0ccf00476ddaa5c,f80984d28ef9a7550633fb3aea514f783f3db1fa655a6d3f49850b10857e6afc,5742764ef3bd686abf56fbeafa222ed2fa2784afb6f787533493cfe88190f71f,last,id/misclassification_auroc_msp_raw,ID-5,primary,up,,id_test,raw_logits,,,,,,,10000,C3,adamw,0.001,0.0001,0.9337845226696571,0.0015529942450742214,0.933785 ± 0.001553,0.9346267014760603,0.9347345066666668,0.9319923598662438
metric_contract_v1.2,c38b09694be88aa74de0741b39e9d3ba0d6ff61a,35a1a66f78dfd6255c4d804586ee6863969be78d21acec5cd0ccf00476ddaa5c,f80984d28ef9a7550633fb3aea514f783f3db1fa655a6d3f49850b10857e6afc,5742764ef3bd686abf56fbeafa222ed2fa2784afb6f787533493cfe88190f71f,last,id/nll_raw,ID-2,primary,down,,id_test,raw_logits,,,,,,,10000,C3,adamw,0.001,0.0001,0.4752075420881044,0.007273317796690833,0.475208 ± 0.007273,0.47985714215217956,0.4789397269664636,0.4668257571456701
metric_contract_v1.2,c38b09694be88aa74de0741b39e9d3ba0d6ff61a,35a1a66f78dfd6255c4d804586ee6863969be78d21acec5cd0ccf00476ddaa5c,f80984d28ef9a7550633fb3aea514f783f3db1fa655a6d3f49850b10857e6afc,5742764ef3bd686abf56fbeafa222ed2fa2784afb6f787533493cfe88190f71f,last,id/nll_ts,ID-4,control,down,id_validation,id_test,temperature_scaled_logits,,,,,,,10000,C3,adamw,0.001,0.0001,0.1870517024958568,0.0021292917584933117,0.187052 ± 0.002129,0.18715949817926725,0.18912504898914603,0.18487056031915708
metric_contract_v1.2,c38b09694be88aa74de0741b39e9d3ba0d6ff61a,35a1a66f78dfd6255c4d804586ee6863969be78d21acec5cd0ccf00476ddaa5c,f80984d28ef9a7550633fb3aea514f783f3db1fa655a6d3f49850b10857e6afc,5742764ef3bd686abf56fbeafa222ed2fa2784afb6f787533493cfe88190f71f,last,id/temperature,ID-4,control,descriptive,id_validation,id_test,temperature_scaled_logits,,,,,,,10000,C3,adamw,0.001,0.0001,3.9906317010828123,0.1320205744367331,3.990632 ± 0.132021,3.9609505886698084,3.8759782197854586,4.13496629479317
metric_contract_v1.2,c38b09694be88aa74de0741b39e9d3ba0d6ff61a,35a1a66f78dfd6255c4d804586ee6863969be78d21acec5cd0ccf00476ddaa5c,f80984d28ef9a7550633fb3aea514f783f3db1fa655a6d3f49850b10857e6afc,7aa36ee28bf5fa9c0b29152bb63c02833c5c6d02ae2c4908d0256a35582c9d9c,last,id/accuracy,ID-1,primary,up,,id_test,raw_logits,,,,,,,10000,C4,sgd,0.3,0.0,0.9345666666666667,0.004201587001756976,0.934567 ± 0.004202,0.9303,0.9347,0.9387
metric_contract_v1.2,c38b09694be88aa74de0741b39e9d3ba0d6ff61a,35a1a66f78dfd6255c4d804586ee6863969be78d21acec5cd0ccf00476ddaa5c,f80984d28ef9a7550633fb3aea514f783f3db1fa655a6d3f49850b10857e6afc,7aa36ee28bf5fa9c0b29152bb63c02833c5c6d02ae2c4908d0256a35582c9d9c,last,id/augrc_msp_raw,ID-6,primary,down,,id_test,raw_logits,,,,,,,10000,C4,sgd,0.3,0.0,0.0059716183333333355,0.000491144175276805,0.005972 ± 0.000491,0.006357169999999999,0.006139030000000005,0.005418655000000001
metric_contract_v1.2,c38b09694be88aa74de0741b39e9d3ba0d6ff61a,35a1a66f78dfd6255c4d804586ee6863969be78d21acec5cd0ccf00476ddaa5c,f80984d28ef9a7550633fb3aea514f783f3db1fa655a6d3f49850b10857e6afc,7aa36ee28bf5fa9c0b29152bb63c02833c5c6d02ae2c4908d0256a35582c9d9c,last,id/aurc_msp_raw,ID-7,appendix,down,,id_test,raw_logits,,,,,,,10000,C4,sgd,0.3,0.0,0.006688390108301898,0.0005024758711504959,0.006688 ± 0.000502,0.007095653593308143,0.00684264709351156,0.00612686963808599
metric_contract_v1.2,c38b09694be88aa74de0741b39e9d3ba0d6ff61a,35a1a66f78dfd6255c4d804586ee6863969be78d21acec5cd0ccf00476ddaa5c,f80984d28ef9a7550633fb3aea514f783f3db1fa655a6d3f49850b10857e6afc,7aa36ee28bf5fa9c0b29152bb63c02833c5c6d02ae2c4908d0256a35582c9d9c,last,id/ece_raw_m10,ID-3,appendix,down,,id_test,raw_logits,,,,,,,10000,C4,sgd,0.3,0.0,0.05024679936173706,0.004062692487118445,0.050247 ± 0.004063,0.05462915054037676,0.04950535438711604,0.04660589315771837
metric_contract_v1.2,c38b09694be88aa74de0741b39e9d3ba0d6ff61a,35a1a66f78dfd6255c4d804586ee6863969be78d21acec5cd0ccf00476ddaa5c,f80984d28ef9a7550633fb3aea514f783f3db1fa655a6d3f49850b10857e6afc,7aa36ee28bf5fa9c0b29152bb63c02833c5c6d02ae2c4908d0256a35582c9d9c,last,id/ece_raw_m15,ID-3,primary,down,,id_test,raw_logits,,,,,,,10000,C4,sgd,0.3,0.0,0.05027049320541643,0.004056408682023687,0.050270 ± 0.004056,0.054629150540376675,0.04957643591815447,0.04660589315771817
metric_contract_v1.2,c38b09694be88aa74de0741b39e9d3ba0d6ff61a,35a1a66f78dfd6255c4d804586ee6863969be78d21acec5cd0ccf00476ddaa5c,f80984d28ef9a7550633fb3aea514f783f3db1fa655a6d3f49850b10857e6afc,7aa36ee28bf5fa9c0b29152bb63c02833c5c6d02ae2c4908d0256a35582c9d9c,last,id/ece_raw_m30,ID-3,appendix,down,,id_test,raw_logits,,,,,,,10000,C4,sgd,0.3,0.0,0.05032523161637271,0.004043447229462371,0.050325 ± 0.004043,0.054629150540376696,0.049740651151023156,0.04660589315771828
metric_contract_v1.2,c38b09694be88aa74de0741b39e9d3ba0d6ff61a,35a1a66f78dfd6255c4d804586ee6863969be78d21acec5cd0ccf00476ddaa5c,f80984d28ef9a7550633fb3aea514f783f3db1fa655a6d3f49850b10857e6afc,7aa36ee28bf5fa9c0b29152bb63c02833c5c6d02ae2c4908d0256a35582c9d9c,last,id/ece_ts_m15,ID-4,control,down,id_validation,id_test,temperature_scaled_logits,,,,,,,10000,C4,sgd,0.3,0.0,0.006896089902842854,0.001032298405355412,0.006896 ± 0.001032,0.007185759500464913,0.005749901699454083,0.007752608508609564
metric_contract_v1.2,c38b09694be88aa74de0741b39e9d3ba0d6ff61a,35a1a66f78dfd6255c4d804586ee6863969be78d21acec5cd0ccf00476ddaa5c,f80984d28ef9a7550633fb3aea514f783f3db1fa655a6d3f49850b10857e6afc,7aa36ee28bf5fa9c0b29152bb63c02833c5c6d02ae2c4908d0256a35582c9d9c,last,id/misclassification_auroc_msp_raw,ID-5,primary,up,,id_test,raw_logits,,,,,,,10000,C4,sgd,0.3,0.0,0.9374178962468478,0.0026975186551616314,0.937418 ± 0.002698,0.9394199677338314,0.9343503684961852,0.9384833525105266
metric_contract_v1.2,c38b09694be88aa74de0741b39e9d3ba0d6ff61a,35a1a66f78dfd6255c4d804586ee6863969be78d21acec5cd0ccf00476ddaa5c,f80984d28ef9a7550633fb3aea514f783f3db1fa655a6d3f49850b10857e6afc,7aa36ee28bf5fa9c0b29152bb63c02833c5c6d02ae2c4908d0256a35582c9d9c,last,id/nll_raw,ID-2,primary,down,,id_test,raw_logits,,,,,,,10000,C4,sgd,0.3,0.0,0.40211396127641064,0.030189729383174897,0.402114 ± 0.030190,0.43231259730300153,0.4020961400996181,0.37193314642661224
metric_contract_v1.2,c38b09694be88aa74de0741b39e9d3ba0d6ff61a,35a1a66f78dfd6255c4d804586ee6863969be78d21acec5cd0ccf00476ddaa5c,f80984d28ef9a7550633fb3aea514f783f3db1fa655a6d3f49850b10857e6afc,7aa36ee28bf5fa9c0b29152bb63c02833c5c6d02ae2c4908d0256a35582c9d9c,last,id/nll_ts,ID-4,control,down,id_validation,id_test,temperature_scaled_logits,,,,,,,10000,C4,sgd,0.3,0.0,0.19138025602781783,0.009301539553751787,0.191380 ± 0.009302,0.20033897994391844,0.19203164327590924,0.18177014486362578
metric_contract_v1.2,c38b09694be88aa74de0741b39e9d3ba0d6ff61a,35a1a66f78dfd6255c4d804586ee6863969be78d21acec5cd0ccf00476ddaa5c,f80984d28ef9a7550633fb3aea514f783f3db1fa655a6d3f49850b10857e6afc,7aa36ee28bf5fa9c0b29152bb63c02833c5c6d02ae2c4908d0256a35582c9d9c,last,id/temperature,ID-4,control,descriptive,id_validation,id_test,temperature_scaled_logits,,,,,,,10000,C4,sgd,0.3,0.0,3.43175270588916,0.03209019792358987,3.431753 ± 0.032090,3.468734641674402,3.415270001414852,3.4112534745782255
metric_contract_v1.2,c38b09694be88aa74de0741b39e9d3ba0d6ff61a,35a1a66f78dfd6255c4d804586ee6863969be78d21acec5cd0ccf00476ddaa5c,f80984d28ef9a7550633fb3aea514f783f3db1fa655a6d3f49850b10857e6afc,3e2bac6d488d016b4c0a216c6e210e16bcc4ca139bf6356687dc98bc7c39ec78,last,id/accuracy,ID-1,primary,up,,id_test,raw_logits,,,,,,,10000,C4,adam,0.0003,0.0001,0.9363666666666667,0.0010016652800877819,0.936367 ± 0.001002,0.9363,0.9354,0.9374
metric_contract_v1.2,c38b09694be88aa74de0741b39e9d3ba0d6ff61a,35a1a66f78dfd6255c4d804586ee6863969be78d21acec5cd0ccf00476ddaa5c,f80984d28ef9a7550633fb3aea514f783f3db1fa655a6d3f49850b10857e6afc,3e2bac6d488d016b4c0a216c6e210e16bcc4ca139bf6356687dc98bc7c39ec78,last,id/augrc_msp_raw,ID-6,primary,down,,id_test,raw_logits,,,,,,,10000,C4,adam,0.0003,0.0001,0.006462448333333335,0.00038627457210943983,0.006462 ± 0.000386,0.006116055000000003,0.006878989999999997,0.0063923000000000035
metric_contract_v1.2,c38b09694be88aa74de0741b39e9d3ba0d6ff61a,35a1a66f78dfd6255c4d804586ee6863969be78d21acec5cd0ccf00476ddaa5c,f80984d28ef9a7550633fb3aea514f783f3db1fa655a6d3f49850b10857e6afc,3e2bac6d488d016b4c0a216c6e210e16bcc4ca139bf6356687dc98bc7c39ec78,last,id/aurc_msp_raw,ID-7,appendix,down,,id_test,raw_logits,,,,,,,10000,C4,adam,0.0003,0.0001,0.007643307078153457,0.0004061564759125882,0.007643 ± 0.000406,0.007233093497791768,0.008045281074315557,0.007651546662353047
metric_contract_v1.2,c38b09694be88aa74de0741b39e9d3ba0d6ff61a,35a1a66f78dfd6255c4d804586ee6863969be78d21acec5cd0ccf00476ddaa5c,f80984d28ef9a7550633fb3aea514f783f3db1fa655a6d3f49850b10857e6afc,3e2bac6d488d016b4c0a216c6e210e16bcc4ca139bf6356687dc98bc7c39ec78,last,id/ece_raw_m10,ID-3,appendix,down,,id_test,raw_logits,,,,,,,10000,C4,adam,0.0003,0.0001,0.047922381681885985,0.0011579341354152999,0.047922 ± 0.001158,0.047257073696727214,0.04925944367205548,0.04725062767687528
metric_contract_v1.2,c38b09694be88aa74de0741b39e9d3ba0d6ff61a,35a1a66f78dfd6255c4d804586ee6863969be78d21acec5cd0ccf00476ddaa5c,f80984d28ef9a7550633fb3aea514f783f3db1fa655a6d3f49850b10857e6afc,3e2bac6d488d016b4c0a216c6e210e16bcc4ca139bf6356687dc98bc7c39ec78,last,id/ece_raw_m15,ID-3,primary,down,,id_test,raw_logits,,,,,,,10000,C4,adam,0.0003,0.0001,0.04803530035207051,0.0012382914556380246,0.048035 ± 0.001238,0.047257073696727284,0.04946322944001489,0.04738559791946932
metric_contract_v1.2,c38b09694be88aa74de0741b39e9d3ba0d6ff61a,35a1a66f78dfd6255c4d804586ee6863969be78d21acec5cd0ccf00476ddaa5c,f80984d28ef9a7550633fb3aea514f783f3db1fa655a6d3f49850b10857e6afc,3e2bac6d488d016b4c0a216c6e210e16bcc4ca139bf6356687dc98bc7c39ec78,last,id/ece_raw_m30,ID-3,appendix,down,,id_test,raw_logits,,,,,,,10000,C4,adam,0.0003,0.0001,0.04817732200494706,0.0011138292546566417,0.048177 ± 0.001114,0.04751322213275115,0.049463229440014855,0.04755551444207517
metric_contract_v1.2,c38b09694be88aa74de0741b39e9d3ba0d6ff61a,35a1a66f78dfd6255c4d804586ee6863969be78d21acec5cd0ccf00476ddaa5c,f80984d28ef9a7550633fb3aea514f783f3db1fa655a6d3f49850b10857e6afc,3e2bac6d488d016b4c0a216c6e210e16bcc4ca139bf6356687dc98bc7c39ec78,last,id/ece_ts_m15,ID-4,control,down,id_validation,id_test,temperature_scaled_logits,,,,,,,10000,C4,adam,0.0003,0.0001,0.008128408071885064,0.0012156283734931933,0.008128 ± 0.001216,0.007759028604162882,0.009485881438417016,0.00714031417307529
metric_contract_v1.2,c38b09694be88aa74de0741b39e9d3ba0d6ff61a,35a1a66f78dfd6255c4d804586ee6863969be78d21acec5cd0ccf00476ddaa5c,f80984d28ef9a7550633fb3aea514f783f3db1fa655a6d3f49850b10857e6afc,3e2bac6d488d016b4c0a216c6e210e16bcc4ca139bf6356687dc98bc7c39ec78,last,id/misclassification_auroc_msp_raw,ID-5,primary,up,,id_test,raw_logits,,,,,,,10000,C4,adam,0.0003,0.0001,0.9255398782828482,0.005471173989976952,0.925540 ± 0.005471,0.9314712994852143,0.9206907063152732,0.9244576290480568
metric_contract_v1.2,c38b09694be88aa74de0741b39e9d3ba0d6ff61a,35a1a66f78dfd6255c4d804586ee6863969be78d21acec5cd0ccf00476ddaa5c,f80984d28ef9a7550633fb3aea514f783f3db1fa655a6d3f49850b10857e6afc,3e2bac6d488d016b4c0a216c6e210e16bcc4ca139bf6356687dc98bc7c39ec78,last,id/nll_raw,ID-2,primary,down,,id_test,raw_logits,,,,,,,10000,C4,adam,0.0003,0.0001,0.3848030070141418,0.02270578701441349,0.384803 ± 0.022706,0.36606702614213193,0.4100541655697842,0.37828782933050914
metric_contract_v1.2,c38b09694be88aa74de0741b39e9d3ba0d6ff61a,35a1a66f78dfd6255c4d804586ee6863969be78d21acec5cd0ccf00476ddaa5c,f80984d28ef9a7550633fb3aea514f783f3db1fa655a6d3f49850b10857e6afc,3e2bac6d488d016b4c0a216c6e210e16bcc4ca139bf6356687dc98bc7c39ec78,last,id/nll_ts,ID-4,control,down,id_validation,id_test,temperature_scaled_logits,,,,,,,10000,C4,adam,0.0003,0.0001,0.20566069666679498,0.00735244216423019,0.205661 ± 0.007352,0.20019242640855647,0.21401905805963248,0.202770605532196
metric_contract_v1.2,c38b09694be88aa74de0741b39e9d3ba0d6ff61a,35a1a66f78dfd6255c4d804586ee6863969be78d21acec5cd0ccf00476ddaa5c,f80984d28ef9a7550633fb3aea514f783f3db1fa655a6d3f49850b10857e6afc,3e2bac6d488d016b4c0a216c6e210e16bcc4ca139bf6356687dc98bc7c39ec78,last,id/temperature,ID-4,control,descriptive,id_validation,id_test,temperature_scaled_logits,,,,,,,10000,C4,adam,0.0003,0.0001,2.724077033146159,0.026767732775286667,2.724077 ± 0.026768,2.6956680020428254,2.748827008941766,2.7277360884538866
metric_contract_v1.2,c38b09694be88aa74de0741b39e9d3ba0d6ff61a,35a1a66f78dfd6255c4d804586ee6863969be78d21acec5cd0ccf00476ddaa5c,f80984d28ef9a7550633fb3aea514f783f3db1fa655a6d3f49850b10857e6afc,4039a31891b5637f4198ad78f79d97e89aa97f4ccd6efa5779b14c5b4203059e,last,id/accuracy,ID-1,primary,up,,id_test,raw_logits,,,,,,,10000,C4,adamw,0.003,0.001,0.9398,0.0013892443989449914,0.939800 ± 0.001389,0.9389,0.9414,0.9391
metric_contract_v1.2,c38b09694be88aa74de0741b39e9d3ba0d6ff61a,35a1a66f78dfd6255c4d804586ee6863969be78d21acec5cd0ccf00476ddaa5c,f80984d28ef9a7550633fb3aea514f783f3db1fa655a6d3f49850b10857e6afc,4039a31891b5637f4198ad78f79d97e89aa97f4ccd6efa5779b14c5b4203059e,last,id/augrc_msp_raw,ID-6,primary,down,,id_test,raw_logits,,,,,,,10000,C4,adamw,0.003,0.001,0.0052693050000000045,0.00022992587756709548,0.005269 ± 0.000230,0.0052739950000000035,0.005037070000000006,0.005496850000000002
metric_contract_v1.2,c38b09694be88aa74de0741b39e9d3ba0d6ff61a,35a1a66f78dfd6255c4d804586ee6863969be78d21acec5cd0ccf00476ddaa5c,f80984d28ef9a7550633fb3aea514f783f3db1fa655a6d3f49850b10857e6afc,4039a31891b5637f4198ad78f79d97e89aa97f4ccd6efa5779b14c5b4203059e,last,id/aurc_msp_raw,ID-7,appendix,down,,id_test,raw_logits,,,,,,,10000,C4,adamw,0.003,0.001,0.006070046082993239,0.00026078114999448626,0.006070 ± 0.000261,0.006036834747639546,0.005827461543302088,0.006345841958038082
metric_contract_v1.2,c38b09694be88aa74de0741b39e9d3ba0d6ff61a,35a1a66f78dfd6255c4d804586ee6863969be78d21acec5cd0ccf00476ddaa5c,f80984d28ef9a7550633fb3aea514f783f3db1fa655a6d3f49850b10857e6afc,4039a31891b5637f4198ad78f79d97e89aa97f4ccd6efa5779b14c5b4203059e,last,id/ece_raw_m10,ID-3,appendix,down,,id_test,raw_logits,,,,,,,10000,C4,adamw,0.003,0.001,0.049579942230987585,0.001154259683734279,0.049580 ± 0.001154,0.05067792420072424,0.04837662555268038,0.049685276939558126
metric_contract_v1.2,c38b09694be88aa74de0741b39e9d3ba0d6ff61a,35a1a66f78dfd6255c4d804586ee6863969be78d21acec5cd0ccf00476ddaa5c,f80984d28ef9a7550633fb3aea514f783f3db1fa655a6d3f49850b10857e6afc,4039a31891b5637f4198ad78f79d97e89aa97f4ccd6efa5779b14c5b4203059e,last,id/ece_raw_m15,ID-3,primary,down,,id_test,raw_logits,,,,,,,10000,C4,adamw,0.003,0.001,0.04984829967534774,0.0015252807298103228,0.049848 ± 0.001525,0.05142205842886653,0.04837662555268053,0.04974621504449615
metric_contract_v1.2,c38b09694be88aa74de0741b39e9d3ba0d6ff61a,35a1a66f78dfd6255c4d804586ee6863969be78d21acec5cd0ccf00476ddaa5c,f80984d28ef9a7550633fb3aea514f783f3db1fa655a6d3f49850b10857e6afc,4039a31891b5637f4198ad78f79d97e89aa97f4ccd6efa5779b14c5b4203059e,last,id/ece_raw_m30,ID-3,appendix,down,,id_test,raw_logits,,,,,,,10000,C4,adamw,0.003,0.001,0.0501888724813909,0.00164993533178717,0.050189 ± 0.001650,0.051740296241993444,0.04845550730508004,0.05037081389709924
metric_contract_v1.2,c38b09694be88aa74de0741b39e9d3ba0d6ff61a,35a1a66f78dfd6255c4d804586ee6863969be78d21acec5cd0ccf00476ddaa5c,f80984d28ef9a7550633fb3aea514f783f3db1fa655a6d3f49850b10857e6afc,4039a31891b5637f4198ad78f79d97e89aa97f4ccd6efa5779b14c5b4203059e,last,id/ece_ts_m15,ID-4,control,down,id_validation,id_test,temperature_scaled_logits,,,,,,,10000,C4,adamw,0.003,0.001,0.007451864748847824,0.002524461926019596,0.007452 ± 0.002524,0.006073197041228419,0.005916931413244762,0.01036546579207029
metric_contract_v1.2,c38b09694be88aa74de0741b39e9d3ba0d6ff61a,35a1a66f78dfd6255c4d804586ee6863969be78d21acec5cd0ccf00476ddaa5c,f80984d28ef9a7550633fb3aea514f783f3db1fa655a6d3f49850b10857e6afc,4039a31891b5637f4198ad78f79d97e89aa97f4ccd6efa5779b14c5b4203059e,last,id/misclassification_auroc_msp_raw,ID-5,primary,up,,id_test,raw_logits,,,,,,,10000,C4,adamw,0.003,0.001,0.9389103126485657,0.002285136942396379,0.938910 ± 0.002285,0.9406034397253185,0.939816416041463,0.9363110821789159
metric_contract_v1.2,c38b09694be88aa74de0741b39e9d3ba0d6ff61a,35a1a66f78dfd6255c4d804586ee6863969be78d21acec5cd0ccf00476ddaa5c,f80984d28ef9a7550633fb3aea514f783f3db1fa655a6d3f49850b10857e6afc,4039a31891b5637f4198ad78f79d97e89aa97f4ccd6efa5779b14c5b4203059e,last,id/nll_raw,ID-2,primary,down,,id_test,raw_logits,,,,,,,10000,C4,adamw,0.003,0.001,0.47829832730242033,0.007370019476211875,0.478298 ± 0.007370,0.48050741351267906,0.4700764012044715,0.4843111671901104
metric_contract_v1.2,c38b09694be88aa74de0741b39e9d3ba0d6ff61a,35a1a66f78dfd6255c4d804586ee6863969be78d21acec5cd0ccf00476ddaa5c,f80984d28ef9a7550633fb3aea514f783f3db1fa655a6d3f49850b10857e6afc,4039a31891b5637f4198ad78f79d97e89aa97f4ccd6efa5779b14c5b4203059e,last,id/nll_ts,ID-4,control,down,id_validation,id_test,temperature_scaled_logits,,,,,,,10000,C4,adamw,0.003,0.001,0.17992596791039492,0.0038678315808208055,0.179926 ± 0.003868,0.182312181075334,0.17546336424332684,0.1820023584125239
metric_contract_v1.2,c38b09694be88aa74de0741b39e9d3ba0d6ff61a,35a1a66f78dfd6255c4d804586ee6863969be78d21acec5cd0ccf00476ddaa5c,f80984d28ef9a7550633fb3aea514f783f3db1fa655a6d3f49850b10857e6afc,4039a31891b5637f4198ad78f79d97e89aa97f4ccd6efa5779b14c5b4203059e,last,id/temperature,ID-4,control,descriptive,id_validation,id_test,temperature_scaled_logits,,,,,,,10000,C4,adamw,0.003,0.001,4.28542548353616,0.15523934789080832,4.285425 ± 0.155239,4.406265456455941,4.33966817994268,4.110342814209857
