definition_version,evaluation_git_sha,inventory_hash,dataset_policy_hash,role,optimizer,lr,weight_decay,config_hash,detector,ood_dataset,checkpoint_role,auroc_mean,auroc_sample_sd,auroc_artifact_key,auroc_formula_id,auroc_direction,auroc_fit_split,auroc_query_split,auroc_transform,fpr95_mean,fpr95_sample_sd,fpr95_artifact_key,fpr95_formula_id,fpr95_direction,fpr95_fit_split,fpr95_query_split,fpr95_transform,aupr_in_mean,aupr_in_sample_sd,aupr_in_artifact_key,aupr_in_formula_id,aupr_in_direction,aupr_in_fit_split,aupr_in_query_split,aupr_in_transform,aupr_out_mean,aupr_out_sample_sd,aupr_out_artifact_key,aupr_out_formula_id,aupr_out_direction,aupr_out_fit_split,aupr_out_query_split,aupr_out_transform
metric_contract_v1.2,c38b09694be88aa74de0741b39e9d3ba0d6ff61a,35a1a66f78dfd6255c4d804586ee6863969be78d21acec5cd0ccf00476ddaa5c,f80984d28ef9a7550633fb3aea514f783f3db1fa655a6d3f49850b10857e6afc,C1,sgd,0.1,0.0005,188f2e248d512bb338cd5c33c140337ac59206948aa209631ca797a09d4b9eb2,detector/ctm_prototype_cosine,svhn,last,0.9579953057775045,0.0049422833476511045,ood_metric/auroc_id_positive,OOD-1,up,id_train,id_test_vs_svhn,detector_declared,0.2955849211227208,0.03894808730787552,ood_metric/fpr95_id_tpr,OOD-4,down,id_train,id_test_vs_svhn,detector_declared,0.9315982119527906,0.006200425846751714,ood_metric/aupr_in_openood_auc,OOD-2,up,id_train,id_test_vs_svhn,detector_declared,0.9795365220763141,0.0027716231846012843,ood_metric/aupr_out_openood_auc,OOD-3,up,id_train,id_test_vs_svhn,detector_declared
metric_contract_v1.2,c38b09694be88aa74de0741b39e9d3ba0d6ff61a,35a1a66f78dfd6255c4d804586ee6863969be78d21acec5cd0ccf00476ddaa5c,f80984d28ef9a7550633fb3aea514f783f3db1fa655a6d3f49850b10857e6afc,C1,sgd,0.1,0.0005,188f2e248d512bb338cd5c33c140337ac59206948aa209631ca797a09d4b9eb2,detector/knn_l2_k50,svhn,last,0.9660437064638394,0.0031570070538393,ood_metric/auroc_id_positive,OOD-1,up,id_train,id_test_vs_svhn,detector_declared,0.22743802499487809,0.024536770512645256,ood_metric/fpr95_id_tpr,OOD-4,down,id_train,id_test_vs_svhn,detector_declared,0.9446670625412654,0.003606112662205323,ood_metric/aupr_in_openood_auc,OOD-2,up,id_train,id_test_vs_svhn,detector_declared,0.983649516995203,0.001788442910729434,ood_metric/aupr_out_openood_auc,OOD-3,up,id_train,id_test_vs_svhn,detector_declared
metric_contract_v1.2,c38b09694be88aa74de0741b39e9d3ba0d6ff61a,35a1a66f78dfd6255c4d804586ee6863969be78d21acec5cd0ccf00476ddaa5c,f80984d28ef9a7550633fb3aea514f783f3db1fa655a6d3f49850b10857e6afc,C1,sgd,0.1,0.0005,188f2e248d512bb338cd5c33c140337ac59206948aa209631ca797a09d4b9eb2,detector/mahalanobis_pp,svhn,last,0.984284114423274,0.0029942024363203757,ood_metric/auroc_id_positive,OOD-1,up,id_train,id_test_vs_svhn,detector_declared,0.09059362835484532,0.02014055381610302,ood_metric/fpr95_id_tpr,OOD-4,down,id_train,id_test_vs_svhn,detector_declared,0.9666990869676182,0.005366435283777564,ood_metric/aupr_in_openood_auc,OOD-2,up,id_train,id_test_vs_svhn,detector_declared,0.9935891346789051,0.0013442506625798917,ood_metric/aupr_out_openood_auc,OOD-3,up,id_train,id_test_vs_svhn,detector_declared
metric_contract_v1.2,c38b09694be88aa74de0741b39e9d3ba0d6ff61a,35a1a66f78dfd6255c4d804586ee6863969be78d21acec5cd0ccf00476ddaa5c,f80984d28ef9a7550633fb3aea514f783f3db1fa655a6d3f49850b10857e6afc,C1,sgd,0.1,0.0005,188f2e248d512bb338cd5c33c140337ac59206948aa209631ca797a09d4b9eb2,detector/mahalanobis_raw,svhn,last,0.9563811321962712,0.005089629292404502,ood_metric/auroc_id_positive,OOD-1,up,id_train,id_test_vs_svhn,detector_declared,0.2552499487809875,0.036833572911102994,ood_metric/fpr95_id_tpr,OOD-4,down,id_train,id_test_vs_svhn,detector_declared,0.922255908992155,0.006286340583439552,ood_metric/aupr_in_openood_auc,OOD-2,up,id_train,id_test_vs_svhn,detector_declared,0.978569524150181,0.003220537297665026,ood_metric/aupr_out_openood_auc,OOD-3,up,id_train,id_test_vs_svhn,detector_declared
metric_contract_v1.2,c38b09694be88aa74de0741b39e9d3ba0d6ff61a,35a1a66f78dfd6255c4d804586ee6863969be78d21acec5cd0ccf00476ddaa5c,f80984d28ef9a7550633fb3aea514f783f3db1fa655a6d3f49850b10857e6afc,C1,sgd,0.1,0.0005,188f2e248d512bb338cd5c33c140337ac59206948aa209631ca797a09d4b9eb2,detector/neco_author_std_dim100,svhn,last,0.9807272754046302,0.004632422112856598,ood_metric/auroc_id_positive,OOD-1,up,id_train,id_test_vs_svhn,detector_declared,0.097060028682647,0.028463134417442023,ood_metric/fpr95_id_tpr,OOD-4,down,id_train,id_test_vs_svhn,detector_declared,0.9622152125025943,0.007857855092046406,ood_metric/aupr_in_openood_auc,OOD-2,up,id_train,id_test_vs_svhn,detector_declared,0.9910969763322227,0.002508562167785422,ood_metric/aupr_out_openood_auc,OOD-3,up,id_train,id_test_vs_svhn,detector_declared
metric_contract_v1.2,c38b09694be88aa74de0741b39e9d3ba0d6ff61a,35a1a66f78dfd6255c4d804586ee6863969be78d21acec5cd0ccf00476ddaa5c,f80984d28ef9a7550633fb3aea514f783f3db1fa655a6d3f49850b10857e6afc,C1,sgd,0.1,0.0005,188f2e248d512bb338cd5c33c140337ac59206948aa209631ca797a09d4b9eb2,detector/relative_mahalanobis_pp,svhn,last,0.9447822859045277,0.0037072269312844602,ood_metric/auroc_id_positive,OOD-1,up,id_train,id_test_vs_svhn,detector_declared,0.3886626715836919,0.016355379388434843,ood_metric/fpr95_id_tpr,OOD-4,down,id_train,id_test_vs_svhn,detector_declared,0.9161743605861273,0.0058077834146138645,ood_metric/aupr_in_openood_auc,OOD-2,up,id_train,id_test_vs_svhn,detector_declared,0.9684430674888521,0.0016538714542046451,ood_metric/aupr_out_openood_auc,OOD-3,up,id_train,id_test_vs_svhn,detector_declared
metric_contract_v1.2,c38b09694be88aa74de0741b39e9d3ba0d6ff61a,35a1a66f78dfd6255c4d804586ee6863969be78d21acec5cd0ccf00476ddaa5c,f80984d28ef9a7550633fb3aea514f783f3db1fa655a6d3f49850b10857e6afc,C1,sgd,0.1,0.0005,188f2e248d512bb338cd5c33c140337ac59206948aa209631ca797a09d4b9eb2,detector/relative_mahalanobis_raw,svhn,last,0.9519275007682851,0.0032957022886115762,ood_metric/auroc_id_positive,OOD-1,up,id_train,id_test_vs_svhn,detector_declared,0.33329491907396025,0.020187792822435303,ood_metric/fpr95_id_tpr,OOD-4,down,id_train,id_test_vs_svhn,detector_declared,0.9263795163077561,0.004888374373594094,ood_metric/aupr_in_openood_auc,OOD-2,up,id_train,id_test_vs_svhn,detector_declared,0.9721500431795357,0.0026274001212115037,ood_metric/aupr_out_openood_auc,OOD-3,up,id_train,id_test_vs_svhn,detector_declared
metric_contract_v1.2,c38b09694be88aa74de0741b39e9d3ba0d6ff61a,35a1a66f78dfd6255c4d804586ee6863969be78d21acec5cd0ccf00476ddaa5c,f80984d28ef9a7550633fb3aea514f783f3db1fa655a6d3f49850b10857e6afc,C1,sgd,0.1,0.0005,188f2e248d512bb338cd5c33c140337ac59206948aa209631ca797a09d4b9eb2,detector/vim_author_dim,svhn,last,0.9771161493546404,0.002945352716415343,ood_metric/auroc_id_positive,OOD-1,up,id_train,id_test_vs_svhn,detector_declared,0.12750973161237453,0.015320131277110014,ood_metric/fpr95_id_tpr,OOD-4,down,id_train,id_test_vs_svhn,detector_declared,0.9562886683596276,0.0036011100306389044,ood_metric/aupr_in_openood_auc,OOD-2,up,id_train,id_test_vs_svhn,detector_declared,0.9895767981563575,0.0019530339677175388,ood_metric/aupr_out_openood_auc,OOD-3,up,id_train,id_test_vs_svhn,detector_declared
metric_contract_v1.2,c38b09694be88aa74de0741b39e9d3ba0d6ff61a,35a1a66f78dfd6255c4d804586ee6863969be78d21acec5cd0ccf00476ddaa5c,f80984d28ef9a7550633fb3aea514f783f3db1fa655a6d3f49850b10857e6afc,C1,sgd,0.1,0.0005,188f2e248d512bb338cd5c33c140337ac59206948aa209631ca797a09d4b9eb2,ood_score/energy_t1,svhn,last,0.9680029630198729,0.006077771279536244,ood_metric/auroc_id_positive,OOD-1,up,,id_test_vs_svhn,detector_declared,0.1583179676295841,0.02732164970054727,ood_metric/fpr95_id_tpr,OOD-4,down,,id_test_vs_svhn,detector_declared,0.931829200130239,0.014450256766971165,ood_metric/aupr_in_openood_auc,OOD-2,up,,id_test_vs_svhn,detector_declared,0.9852563082248288,0.0030318774775578566,ood_metric/aupr_out_openood_auc,OOD-3,up,,id_test_vs_svhn,detector_declared
metric_contract_v1.2,c38b09694be88aa74de0741b39e9d3ba0d6ff61a,35a1a66f78dfd6255c4d804586ee6863969be78d21acec5cd0ccf00476ddaa5c,f80984d28ef9a7550633fb3aea514f783f3db1fa655a6d3f49850b10857e6afc,C1,sgd,0.1,0.0005,188f2e248d512bb338cd5c33c140337ac59206948aa209631ca797a09d4b9eb2,ood_score/max_logit,svhn,last,0.9668546622106126,0.005912992049133008,ood_metric/auroc_id_positive,OOD-1,up,,id_test_vs_svhn,detector_declared,0.1657063101823397,0.026729820168932484,ood_metric/fpr95_id_tpr,OOD-4,down,,id_test_vs_svhn,detector_declared,0.9307997429225869,0.014270938950992374,ood_metric/aupr_in_openood_auc,OOD-2,up,,id_test_vs_svhn,detector_declared,0.9845836015475088,0.0028057890249644337,ood_metric/aupr_out_openood_auc,OOD-3,up,,id_test_vs_svhn,detector_declared
metric_contract_v1.2,c38b09694be88aa74de0741b39e9d3ba0d6ff61a,35a1a66f78dfd6255c4d804586ee6863969be78d21acec5cd0ccf00476ddaa5c,f80984d28ef9a7550633fb3aea514f783f3db1fa655a6d3f49850b10857e6afc,C1,sgd,0.1,0.0005,188f2e248d512bb338cd5c33c140337ac59206948aa209631ca797a09d4b9eb2,ood_score/msp,svhn,last,0.9484094166154476,0.003087672734002151,ood_metric/auroc_id_positive,OOD-1,up,,id_test_vs_svhn,detector_declared,0.3675220241753739,0.01548653766794306,ood_metric/fpr95_id_tpr,OOD-4,down,,id_test_vs_svhn,detector_declared,0.920269417272202,0.0069796475277665625,ood_metric/aupr_in_openood_auc,OOD-2,up,,id_test_vs_svhn,detector_declared,0.9715979597405648,0.0014575392077522094,ood_metric/aupr_out_openood_auc,OOD-3,up,,id_test_vs_svhn,detector_declared
metric_contract_v1.2,c38b09694be88aa74de0741b39e9d3ba0d6ff61a,35a1a66f78dfd6255c4d804586ee6863969be78d21acec5cd0ccf00476ddaa5c,f80984d28ef9a7550633fb3aea514f783f3db1fa655a6d3f49850b10857e6afc,C1,adam,0.0003,0.0,b701f780ad99d469949a985b0472b8d1f26be0545e531d92895b7559ca142328,detector/ctm_prototype_cosine,svhn,last,0.9492051667178858,0.0049736801429928505,ood_metric/auroc_id_positive,OOD-1,up,id_train,id_test_vs_svhn,detector_declared,0.32824984634296245,0.027256994672864746,ood_metric/fpr95_id_tpr,OOD-4,down,id_train,id_test_vs_svhn,detector_declared,0.9143564810534891,0.007953134368334017,ood_metric/aupr_in_openood_auc,OOD-2,up,id_train,id_test_vs_svhn,detector_declared,0.9766996019484898,0.0024650042030410243,ood_metric/aupr_out_openood_auc,OOD-3,up,id_train,id_test_vs_svhn,detector_declared
metric_contract_v1.2,c38b09694be88aa74de0741b39e9d3ba0d6ff61a,35a1a66f78dfd6255c4d804586ee6863969be78d21acec5cd0ccf00476ddaa5c,f80984d28ef9a7550633fb3aea514f783f3db1fa655a6d3f49850b10857e6afc,C1,adam,0.0003,0.0,b701f780ad99d469949a985b0472b8d1f26be0545e531d92895b7559ca142328,detector/knn_l2_k50,svhn,last,0.9526383937717681,0.005270983946524715,ood_metric/auroc_id_positive,OOD-1,up,id_train,id_test_vs_svhn,detector_declared,0.30571348084408934,0.033028139977495416,ood_metric/fpr95_id_tpr,OOD-4,down,id_train,id_test_vs_svhn,detector_declared,0.9210626518723185,0.007864003965605918,ood_metric/aupr_in_openood_auc,OOD-2,up,id_train,id_test_vs_svhn,detector_declared,0.9782208677343944,0.0025787434252554364,ood_metric/aupr_out_openood_auc,OOD-3,up,id_train,id_test_vs_svhn,detector_declared
metric_contract_v1.2,c38b09694be88aa74de0741b39e9d3ba0d6ff61a,35a1a66f78dfd6255c4d804586ee6863969be78d21acec5cd0ccf00476ddaa5c,f80984d28ef9a7550633fb3aea514f783f3db1fa655a6d3f49850b10857e6afc,C1,adam,0.0003,0.0,b701f780ad99d469949a985b0472b8d1f26be0545e531d92895b7559ca142328,detector/mahalanobis_pp,svhn,last,0.9792653810694528,0.005384953289392468,ood_metric/auroc_id_positive,OOD-1,up,id_train,id_test_vs_svhn,detector_declared,0.12397561975005122,0.03391734019804918,ood_metric/fpr95_id_tpr,OOD-4,down,id_train,id_test_vs_svhn,detector_declared,0.9555848492048096,0.009983837643190701,ood_metric/aupr_in_openood_auc,OOD-2,up,id_train,id_test_vs_svhn,detector_declared,0.9917171210623744,0.002256189893791253,ood_metric/aupr_out_openood_auc,OOD-3,up,id_train,id_test_vs_svhn,detector_declared
metric_contract_v1.2,c38b09694be88aa74de0741b39e9d3ba0d6ff61a,35a1a66f78dfd6255c4d804586ee6863969be78d21acec5cd0ccf00476ddaa5c,f80984d28ef9a7550633fb3aea514f783f3db1fa655a6d3f49850b10857e6afc,C1,adam,0.0003,0.0,b701f780ad99d469949a985b0472b8d1f26be0545e531d92895b7559ca142328,detector/mahalanobis_raw,svhn,last,0.9161957244929319,0.014716183037384836,ood_metric/auroc_id_positive,OOD-1,up,id_train,id_test_vs_svhn,detector_declared,0.37913593525916817,0.0750849356177658,ood_metric/fpr95_id_tpr,OOD-4,down,id_train,id_test_vs_svhn,detector_declared,0.832647414733685,0.017857106838304614,ood_metric/aupr_in_openood_auc,OOD-2,up,id_train,id_test_vs_svhn,detector_declared,0.9628233693844103,0.008431718904113154,ood_metric/aupr_out_openood_auc,OOD-3,up,id_train,id_test_vs_svhn,detector_declared
metric_contract_v1.2,c38b09694be88aa74de0741b39e9d3ba0d6ff61a,35a1a66f78dfd6255c4d804586ee6863969be78d21acec5cd0ccf00476ddaa5c,f80984d28ef9a7550633fb3aea514f783f3db1fa655a6d3f49850b10857e6afc,C1,adam,0.0003,0.0,b701f780ad99d469949a985b0472b8d1f26be0545e531d92895b7559ca142328,detector/neco_author_std_dim100,svhn,last,0.9683192314587176,0.005413086410006402,ood_metric/auroc_id_positive,OOD-1,up,id_train,id_test_vs_svhn,detector_declared,0.18318479819709077,0.036639840640348365,ood_metric/fpr95_id_tpr,OOD-4,down,id_train,id_test_vs_svhn,detector_declared,0.94548941421399,0.007965998482071886,ood_metric/aupr_in_openood_auc,OOD-2,up,id_train,id_test_vs_svhn,detector_declared,0.984219411213688,0.0031519279853945595,ood_metric/aupr_out_openood_auc,OOD-3,up,id_train,id_test_vs_svhn,detector_declared
metric_contract_v1.2,c38b09694be88aa74de0741b39e9d3ba0d6ff61a,35a1a66f78dfd6255c4d804586ee6863969be78d21acec5cd0ccf00476ddaa5c,f80984d28ef9a7550633fb3aea514f783f3db1fa655a6d3f49850b10857e6afc,C1,adam,0.0003,0.0,b701f780ad99d469949a985b0472b8d1f26be0545e531d92895b7559ca142328,detector/relative_mahalanobis_pp,svhn,last,0.8919282178344602,0.010860131058218198,ood_metric/auroc_id_positive,OOD-1,up,id_train,id_test_vs_svhn,detector_declared,0.6282139930342142,0.023848181509360612,ood_metric/fpr95_id_tpr,OOD-4,down,id_train,id_test_vs_svhn,detector_declared,0.8204910688677188,0.03648991641183201,ood_metric/aupr_in_openood_auc,OOD-2,up,id_train,id_test_vs_svhn,detector_declared,0.936234939192811,0.006769283238528592,ood_metric/aupr_out_openood_auc,OOD-3,up,id_train,id_test_vs_svhn,detector_declared
metric_contract_v1.2,c38b09694be88aa74de0741b39e9d3ba0d6ff61a,35a1a66f78dfd6255c4d804586ee6863969be78d21acec5cd0ccf00476ddaa5c,f80984d28ef9a7550633fb3aea514f783f3db1fa655a6d3f49850b10857e6afc,C1,adam,0.0003,0.0,b701f780ad99d469949a985b0472b8d1f26be0545e531d92895b7559ca142328,detector/relative_mahalanobis_raw,svhn,last,0.9160695298094653,0.01149686870291098,ood_metric/auroc_id_positive,OOD-1,up,id_train,id_test_vs_svhn,detector_declared,0.5037902069248105,0.03988533022269752,ood_metric/fpr95_id_tpr,OOD-4,down,id_train,id_test_vs_svhn,detector_declared,0.8608149295893778,0.02451983932229038,ood_metric/aupr_in_openood_auc,OOD-2,up,id_train,id_test_vs_svhn,detector_declared,0.9518243340958482,0.007219529435847708,ood_metric/aupr_out_openood_auc,OOD-3,up,id_train,id_test_vs_svhn,detector_declared
metric_contract_v1.2,c38b09694be88aa74de0741b39e9d3ba0d6ff61a,35a1a66f78dfd6255c4d804586ee6863969be78d21acec5cd0ccf00476ddaa5c,f80984d28ef9a7550633fb3aea514f783f3db1fa655a6d3f49850b10857e6afc,C1,adam,0.0003,0.0,b701f780ad99d469949a985b0472b8d1f26be0545e531d92895b7559ca142328,detector/vim_author_dim,svhn,last,0.9625167076418766,0.00535558588966656,ood_metric/auroc_id_positive,OOD-1,up,id_train,id_test_vs_svhn,detector_declared,0.23956412620364684,0.03811967047843433,ood_metric/fpr95_id_tpr,OOD-4,down,id_train,id_test_vs_svhn,detector_declared,0.9396690371830448,0.005992554910505055,ood_metric/aupr_in_openood_auc,OOD-2,up,id_train,id_test_vs_svhn,detector_declared,0.9813693722200192,0.003699432145235094,ood_metric/aupr_out_openood_auc,OOD-3,up,id_train,id_test_vs_svhn,detector_declared
metric_contract_v1.2,c38b09694be88aa74de0741b39e9d3ba0d6ff61a,35a1a66f78dfd6255c4d804586ee6863969be78d21acec5cd0ccf00476ddaa5c,f80984d28ef9a7550633fb3aea514f783f3db1fa655a6d3f49850b10857e6afc,C1,adam,0.0003,0.0,b701f780ad99d469949a985b0472b8d1f26be0545e531d92895b7559ca142328,ood_score/energy_t1,svhn,last,0.9294530590555214,0.0018566686115061215,ood_metric/auroc_id_positive,OOD-1,up,,id_test_vs_svhn,detector_declared,0.4492547633681623,0.048768366048766616,ood_metric/fpr95_id_tpr,OOD-4,down,,id_test_vs_svhn,detector_declared,0.8988571234827042,0.004892136080680902,ood_metric/aupr_in_openood_auc,OOD-2,up,,id_test_vs_svhn,detector_declared,0.9508176352952041,0.003207643614629368,ood_metric/aupr_out_openood_auc,OOD-3,up,,id_test_vs_svhn,detector_declared
metric_contract_v1.2,c38b09694be88aa74de0741b39e9d3ba0d6ff61a,35a1a66f78dfd6255c4d804586ee6863969be78d21acec5cd0ccf00476ddaa5c,f80984d28ef9a7550633fb3aea514f783f3db1fa655a6d3f49850b10857e6afc,C1,adam,0.0003,0.0,b701f780ad99d469949a985b0472b8d1f26be0545e531d92895b7559ca142328,ood_score/max_logit,svhn,last,0.929677154399713,0.00172369730890228,ood_metric/auroc_id_positive,OOD-1,up,,id_test_vs_svhn,detector_declared,0.45136754763368164,0.04409001535329273,ood_metric/fpr95_id_tpr,OOD-4,down,,id_test_vs_svhn,detector_declared,0.8987129507484255,0.00491680847859303,ood_metric/aupr_in_openood_auc,OOD-2,up,,id_test_vs_svhn,detector_declared,0.9523332842342723,0.003088569920094642,ood_metric/aupr_out_openood_auc,OOD-3,up,,id_test_vs_svhn,detector_declared
metric_contract_v1.2,c38b09694be88aa74de0741b39e9d3ba0d6ff61a,35a1a66f78dfd6255c4d804586ee6863969be78d21acec5cd0ccf00476ddaa5c,f80984d28ef9a7550633fb3aea514f783f3db1fa655a6d3f49850b10857e6afc,C1,adam,0.0003,0.0,b701f780ad99d469949a985b0472b8d1f26be0545e531d92895b7559ca142328,ood_score/msp,svhn,last,0.9210844185361605,0.004372125583176195,ood_metric/auroc_id_positive,OOD-1,up,,id_test_vs_svhn,detector_declared,0.5490165949600492,0.016650399170356628,ood_metric/fpr95_id_tpr,OOD-4,down,,id_test_vs_svhn,detector_declared,0.8905281986209137,0.011338600858342486,ood_metric/aupr_in_openood_auc,OOD-2,up,,id_test_vs_svhn,detector_declared,0.953828905769492,0.0020866011528193496,ood_metric/aupr_out_openood_auc,OOD-3,up,,id_test_vs_svhn,detector_declared
metric_contract_v1.2,c38b09694be88aa74de0741b39e9d3ba0d6ff61a,35a1a66f78dfd6255c4d804586ee6863969be78d21acec5cd0ccf00476ddaa5c,f80984d28ef9a7550633fb3aea514f783f3db1fa655a6d3f49850b10857e6afc,C1,adamw,0.003,0.1,61d7d1f20bc593cc2d106f24f0343084f56f811c8ebc63c856eaced34c50b65f,detector/ctm_prototype_cosine,svhn,last,0.9639488539745953,0.007089511907925127,ood_metric/auroc_id_positive,OOD-1,up,id_train,id_test_vs_svhn,detector_declared,0.21213634501126818,0.025372562579801274,ood_metric/fpr95_id_tpr,OOD-4,down,id_train,id_test_vs_svhn,detector_declared,0.9279868390905571,0.016960651099418134,ood_metric/aupr_in_openood_auc,OOD-2,up,id_train,id_test_vs_svhn,detector_declared,0.984816913337089,0.0027085663757966394,ood_metric/aupr_out_openood_auc,OOD-3,up,id_train,id_test_vs_svhn,detector_declared
metric_contract_v1.2,c38b09694be88aa74de0741b39e9d3ba0d6ff61a,35a1a66f78dfd6255c4d804586ee6863969be78d21acec5cd0ccf00476ddaa5c,f80984d28ef9a7550633fb3aea514f783f3db1fa655a6d3f49850b10857e6afc,C1,adamw,0.003,0.1,61d7d1f20bc593cc2d106f24f0343084f56f811c8ebc63c856eaced34c50b65f,detector/knn_l2_k50,svhn,last,0.9758454735197706,0.006564639574648281,ood_metric/auroc_id_positive,OOD-1,up,id_train,id_test_vs_svhn,detector_declared,0.14082667486170866,0.039469955182829884,ood_metric/fpr95_id_tpr,OOD-4,down,id_train,id_test_vs_svhn,detector_declared,0.9511112060510595,0.013719788750562519,ood_metric/aupr_in_openood_auc,OOD-2,up,id_train,id_test_vs_svhn,detector_declared,0.9899457816832977,0.002696087499245745,ood_metric/aupr_out_openood_auc,OOD-3,up,id_train,id_test_vs_svhn,detector_declared
metric_contract_v1.2,c38b09694be88aa74de0741b39e9d3ba0d6ff61a,35a1a66f78dfd6255c4d804586ee6863969be78d21acec5cd0ccf00476ddaa5c,f80984d28ef9a7550633fb3aea514f783f3db1fa655a6d3f49850b10857e6afc,C1,adamw,0.003,0.1,61d7d1f20bc593cc2d106f24f0343084f56f811c8ebc63c856eaced34c50b65f,detector/mahalanobis_pp,svhn,last,0.9772116907396025,0.01283481586210411,ood_metric/auroc_id_positive,OOD-1,up,id_train,id_test_vs_svhn,detector_declared,0.11314279860684286,0.0683649642622494,ood_metric/fpr95_id_tpr,OOD-4,down,id_train,id_test_vs_svhn,detector_declared,0.9503854628151901,0.025790512388340188,ood_metric/aupr_in_openood_auc,OOD-2,up,id_train,id_test_vs_svhn,detector_declared,0.9896378039963168,0.005704169066584907,ood_metric/aupr_out_openood_auc,OOD-3,up,id_train,id_test_vs_svhn,detector_declared
metric_contract_v1.2,c38b09694be88aa74de0741b39e9d3ba0d6ff61a,35a1a66f78dfd6255c4d804586ee6863969be78d21acec5cd0ccf00476ddaa5c,f80984d28ef9a7550633fb3aea514f783f3db1fa655a6d3f49850b10857e6afc,C1,adamw,0.003,0.1,61d7d1f20bc593cc2d106f24f0343084f56f811c8ebc63c856eaced34c50b65f,detector/mahalanobis_raw,svhn,last,0.8331703902888753,0.06777110548547059,ood_metric/auroc_id_positive,OOD-1,up,id_train,id_test_vs_svhn,detector_declared,0.6372925629993853,0.17941323396931588,ood_metric/fpr95_id_tpr,OOD-4,down,id_train,id_test_vs_svhn,detector_declared,0.7212866172617419,0.08045468953586044,ood_metric/aupr_in_openood_auc,OOD-2,up,id_train,id_test_vs_svhn,detector_declared,0.909702104172446,0.04415368526300945,ood_metric/aupr_out_openood_auc,OOD-3,up,id_train,id_test_vs_svhn,detector_declared
metric_contract_v1.2,c38b09694be88aa74de0741b39e9d3ba0d6ff61a,35a1a66f78dfd6255c4d804586ee6863969be78d21acec5cd0ccf00476ddaa5c,f80984d28ef9a7550633fb3aea514f783f3db1fa655a6d3f49850b10857e6afc,C1,adamw,0.003,0.1,61d7d1f20bc593cc2d106f24f0343084f56f811c8ebc63c856eaced34c50b65f,detector/neco_author_std_dim100,svhn,last,0.951158274431469,0.018350554075017716,ood_metric/auroc_id_positive,OOD-1,up,id_train,id_test_vs_svhn,detector_declared,0.240460458922352,0.06250136152314824,ood_metric/fpr95_id_tpr,OOD-4,down,id_train,id_test_vs_svhn,detector_declared,0.8999490754638225,0.04657230532280832,ood_metric/aupr_in_openood_auc,OOD-2,up,id_train,id_test_vs_svhn,detector_declared,0.9777398878923522,0.007443384224630369,ood_metric/aupr_out_openood_auc,OOD-3,up,id_train,id_test_vs_svhn,detector_declared
metric_contract_v1.2,c38b09694be88aa74de0741b39e9d3ba0d6ff61a,35a1a66f78dfd6255c4d804586ee6863969be78d21acec5cd0ccf00476ddaa5c,f80984d28ef9a7550633fb3aea514f783f3db1fa655a6d3f49850b10857e6afc,C1,adamw,0.003,0.1,61d7d1f20bc593cc2d106f24f0343084f56f811c8ebc63c856eaced34c50b65f,detector/relative_mahalanobis_pp,svhn,last,0.9321239999487809,0.021079024327381606,ood_metric/auroc_id_positive,OOD-1,up,id_train,id_test_vs_svhn,detector_declared,0.4500870723212456,0.11791170614094405,ood_metric/fpr95_id_tpr,OOD-4,down,id_train,id_test_vs_svhn,detector_declared,0.8950541701467268,0.032930675406451254,ood_metric/aupr_in_openood_auc,OOD-2,up,id_train,id_test_vs_svhn,detector_declared,0.9603378864820135,0.014911017871461459,ood_metric/aupr_out_openood_auc,OOD-3,up,id_train,id_test_vs_svhn,detector_declared
metric_contract_v1.2,c38b09694be88aa74de0741b39e9d3ba0d6ff61a,35a1a66f78dfd6255c4d804586ee6863969be78d21acec5cd0ccf00476ddaa5c,f80984d28ef9a7550633fb3aea514f783f3db1fa655a6d3f49850b10857e6afc,C1,adamw,0.003,0.1,61d7d1f20bc593cc2d106f24f0343084f56f811c8ebc63c856eaced34c50b65f,detector/relative_mahalanobis_raw,svhn,last,0.9523827840094242,0.01598422614884446,ood_metric/auroc_id_positive,OOD-1,up,id_train,id_test_vs_svhn,detector_declared,0.3254071911493546,0.13222866056001226,ood_metric/fpr95_id_tpr,OOD-4,down,id_train,id_test_vs_svhn,detector_declared,0.9295379481640355,0.018809327952330913,ood_metric/aupr_in_openood_auc,OOD-2,up,id_train,id_test_vs_svhn,detector_declared,0.9704266573522382,0.012042870571611436,ood_metric/aupr_out_openood_auc,OOD-3,up,id_train,id_test_vs_svhn,detector_declared
metric_contract_v1.2,c38b09694be88aa74de0741b39e9d3ba0d6ff61a,35a1a66f78dfd6255c4d804586ee6863969be78d21acec5cd0ccf00476ddaa5c,f80984d28ef9a7550633fb3aea514f783f3db1fa655a6d3f49850b10857e6afc,C1,adamw,0.003,0.1,61d7d1f20bc593cc2d106f24f0343084f56f811c8ebc63c856eaced34c50b65f,detector/vim_author_dim,svhn,last,0.9601067519463226,0.010185850724028181,ood_metric/auroc_id_positive,OOD-1,up,id_train,id_test_vs_svhn,detector_declared,0.2659163081335792,0.11036123448150116,ood_metric/fpr95_id_tpr,OOD-4,down,id_train,id_test_vs_svhn,detector_declared,0.9458715415175528,0.007634645316507891,ood_metric/aupr_in_openood_auc,OOD-2,up,id_train,id_test_vs_svhn,detector_declared,0.9738866946465605,0.010088819702554607,ood_metric/aupr_out_openood_auc,OOD-3,up,id_train,id_test_vs_svhn,detector_declared
metric_contract_v1.2,c38b09694be88aa74de0741b39e9d3ba0d6ff61a,35a1a66f78dfd6255c4d804586ee6863969be78d21acec5cd0ccf00476ddaa5c,f80984d28ef9a7550633fb3aea514f783f3db1fa655a6d3f49850b10857e6afc,C1,adamw,0.003,0.1,61d7d1f20bc593cc2d106f24f0343084f56f811c8ebc63c856eaced34c50b65f,ood_score/energy_t1,svhn,last,0.951682536877689,0.0066265693835529365,ood_metric/auroc_id_positive,OOD-1,up,,id_test_vs_svhn,detector_declared,0.29696783446015157,0.05310354666515457,ood_metric/fpr95_id_tpr,OOD-4,down,,id_test_vs_svhn,detector_declared,0.9334973357297988,0.012447768193519167,ood_metric/aupr_in_openood_auc,OOD-2,up,,id_test_vs_svhn,detector_declared,0.9626543904279776,0.00497165070312952,ood_metric/aupr_out_openood_auc,OOD-3,up,,id_test_vs_svhn,detector_declared
metric_contract_v1.2,c38b09694be88aa74de0741b39e9d3ba0d6ff61a,35a1a66f78dfd6255c4d804586ee6863969be78d21acec5cd0ccf00476ddaa5c,f80984d28ef9a7550633fb3aea514f783f3db1fa655a6d3f49850b10857e6afc,C1,adamw,0.003,0.1,61d7d1f20bc593cc2d106f24f0343084f56f811c8ebc63c856eaced34c50b65f,ood_score/max_logit,svhn,last,0.9526245358276992,0.006463664584024135,ood_metric/auroc_id_positive,OOD-1,up,,id_test_vs_svhn,detector_declared,0.29676295841016187,0.05092123185371597,ood_metric/fpr95_id_tpr,OOD-4,down,,id_test_vs_svhn,detector_declared,0.9336961138928918,0.012444648250192538,ood_metric/aupr_in_openood_auc,OOD-2,up,,id_test_vs_svhn,detector_declared,0.9645613112947129,0.00451450473321549,ood_metric/aupr_out_openood_auc,OOD-3,up,,id_test_vs_svhn,detector_declared
metric_contract_v1.2,c38b09694be88aa74de0741b39e9d3ba0d6ff61a,35a1a66f78dfd6255c4d804586ee6863969be78d21acec5cd0ccf00476ddaa5c,f80984d28ef9a7550633fb3aea514f783f3db1fa655a6d3f49850b10857e6afc,C1,adamw,0.003,0.1,61d7d1f20bc593cc2d106f24f0343084f56f811c8ebc63c856eaced34c50b65f,ood_score/msp,svhn,last,0.9472635551116574,0.008842843826394556,ood_metric/auroc_id_positive,OOD-1,up,,id_test_vs_svhn,detector_declared,0.35028682646998566,0.052832684492262666,ood_metric/fpr95_id_tpr,OOD-4,down,,id_test_vs_svhn,detector_declared,0.9164676564854642,0.016616022428568314,ood_metric/aupr_in_openood_auc,OOD-2,up,,id_test_vs_svhn,detector_declared,0.9713854116766546,0.0053126467646665435,ood_metric/aupr_out_openood_auc,OOD-3,up,,id_test_vs_svhn,detector_declared
metric_contract_v1.2,c38b09694be88aa74de0741b39e9d3ba0d6ff61a,35a1a66f78dfd6255c4d804586ee6863969be78d21acec5cd0ccf00476ddaa5c,f80984d28ef9a7550633fb3aea514f783f3db1fa655a6d3f49850b10857e6afc,C2,sgd,0.3,0.0001,86af0abedd46c2a0c8eddb4fea4739037bd2bfd7259cc44a9b8303088bfee3b9,detector/ctm_prototype_cosine,svhn,last,0.9734079952878508,0.011453085201013537,ood_metric/auroc_id_positive,OOD-1,up,id_train,id_test_vs_svhn,detector_declared,0.1560899405859455,0.07140871232012266,ood_metric/fpr95_id_tpr,OOD-4,down,id_train,id_test_vs_svhn,detector_declared,0.9481999084799466,0.018922593243168858,ood_metric/aupr_in_openood_auc,OOD-2,up,id_train,id_test_vs_svhn,detector_declared,0.9887610833821316,0.005141451827344459,ood_metric/aupr_out_openood_auc,OOD-3,up,id_train,id_test_vs_svhn,detector_declared
metric_contract_v1.2,c38b09694be88aa74de0741b39e9d3ba0d6ff61a,35a1a66f78dfd6255c4d804586ee6863969be78d21acec5cd0ccf00476ddaa5c,f80984d28ef9a7550633fb3aea514f783f3db1fa655a6d3f49850b10857e6afc,C2,sgd,0.3,0.0001,86af0abedd46c2a0c8eddb4fea4739037bd2bfd7259cc44a9b8303088bfee3b9,detector/knn_l2_k50,svhn,last,0.9779996632349928,0.01119052107988432,ood_metric/auroc_id_positive,OOD-1,up,id_train,id_test_vs_svhn,detector_declared,0.13676756812128663,0.07177920314468836,ood_metric/fpr95_id_tpr,OOD-4,down,id_train,id_test_vs_svhn,detector_declared,0.9581941637103862,0.01770107913779845,ood_metric/aupr_in_openood_auc,OOD-2,up,id_train,id_test_vs_svhn,detector_declared,0.9905635995578673,0.005259192069891385,ood_metric/aupr_out_openood_auc,OOD-3,up,id_train,id_test_vs_svhn,detector_declared
metric_contract_v1.2,c38b09694be88aa74de0741b39e9d3ba0d6ff61a,35a1a66f78dfd6255c4d804586ee6863969be78d21acec5cd0ccf00476ddaa5c,f80984d28ef9a7550633fb3aea514f783f3db1fa655a6d3f49850b10857e6afc,C2,sgd,0.3,0.0001,86af0abedd46c2a0c8eddb4fea4739037bd2bfd7259cc44a9b8303088bfee3b9,detector/mahalanobis_pp,svhn,last,0.9888314049375128,0.008334473840590821,ood_metric/auroc_id_positive,OOD-1,up,id_train,id_test_vs_svhn,detector_declared,0.06042562999385372,0.049302767686252996,ood_metric/fpr95_id_tpr,OOD-4,down,id_train,id_test_vs_svhn,detector_declared,0.9765989774280891,0.014977170055038354,ood_metric/aupr_in_openood_auc,OOD-2,up,id_train,id_test_vs_svhn,detector_declared,0.994827882914207,0.0038883263300315963,ood_metric/aupr_out_openood_auc,OOD-3,up,id_train,id_test_vs_svhn,detector_declared
metric_contract_v1.2,c38b09694be88aa74de0741b39e9d3ba0d6ff61a,35a1a66f78dfd6255c4d804586ee6863969be78d21acec5cd0ccf00476ddaa5c,f80984d28ef9a7550633fb3aea514f783f3db1fa655a6d3f49850b10857e6afc,C2,sgd,0.3,0.0001,86af0abedd46c2a0c8eddb4fea4739037bd2bfd7259cc44a9b8303088bfee3b9,detector/mahalanobis_raw,svhn,last,0.9087000563409137,0.03064068929777641,ood_metric/auroc_id_positive,OOD-1,up,id_train,id_test_vs_svhn,detector_declared,0.41012343782011884,0.1018734594638245,ood_metric/fpr95_id_tpr,OOD-4,down,id_train,id_test_vs_svhn,detector_declared,0.8274099669252625,0.054707429994624704,ood_metric/aupr_in_openood_auc,OOD-2,up,id_train,id_test_vs_svhn,detector_declared,0.9560961866482373,0.01635067200428084,ood_metric/aupr_out_openood_auc,OOD-3,up,id_train,id_test_vs_svhn,detector_declared
metric_contract_v1.2,c38b09694be88aa74de0741b39e9d3ba0d6ff61a,35a1a66f78dfd6255c4d804586ee6863969be78d21acec5cd0ccf00476ddaa5c,f80984d28ef9a7550633fb3aea514f783f3db1fa655a6d3f49850b10857e6afc,C2,sgd,0.3,0.0001,86af0abedd46c2a0c8eddb4fea4739037bd2bfd7259cc44a9b8303088bfee3b9,detector/neco_author_std_dim100,svhn,last,0.947254082155296,0.03260955821528564,ood_metric/auroc_id_positive,OOD-1,up,id_train,id_test_vs_svhn,detector_declared,0.3071860274533907,0.22414091399250363,ood_metric/fpr95_id_tpr,OOD-4,down,id_train,id_test_vs_svhn,detector_declared,0.9177056578992517,0.04208096719019592,ood_metric/aupr_in_openood_auc,OOD-2,up,id_train,id_test_vs_svhn,detector_declared,0.9694893586179439,0.020882594622063728,ood_metric/aupr_out_openood_auc,OOD-3,up,id_train,id_test_vs_svhn,detector_declared
metric_contract_v1.2,c38b09694be88aa74de0741b39e9d3ba0d6ff61a,35a1a66f78dfd6255c4d804586ee6863969be78d21acec5cd0ccf00476ddaa5c,f80984d28ef9a7550633fb3aea514f783f3db1fa655a6d3f49850b10857e6afc,C2,sgd,0.3,0.0001,86af0abedd46c2a0c8eddb4fea4739037bd2bfd7259cc44a9b8303088bfee3b9,detector/relative_mahalanobis_pp,svhn,last,0.9120806481766032,0.022625478317598077,ood_metric/auroc_id_positive,OOD-1,up,id_train,id_test_vs_svhn,detector_declared,0.5508348699037082,0.08267648530423448,ood_metric/fpr95_id_tpr,OOD-4,down,id_train,id_test_vs_svhn,detector_declared,0.8610853351700015,0.04457872746711585,ood_metric/aupr_in_openood_auc,OOD-2,up,id_train,id_test_vs_svhn,detector_declared,0.9484970486779574,0.012844167216830649,ood_metric/aupr_out_openood_auc,OOD-3,up,id_train,id_test_vs_svhn,detector_declared
metric_contract_v1.2,c38b09694be88aa74de0741b39e9d3ba0d6ff61a,35a1a66f78dfd6255c4d804586ee6863969be78d21acec5cd0ccf00476ddaa5c,f80984d28ef9a7550633fb3aea514f783f3db1fa655a6d3f49850b10857e6afc,C2,sgd,0.3,0.0001,86af0abedd46c2a0c8eddb4fea4739037bd2bfd7259cc44a9b8303088bfee3b9,detector/relative_mahalanobis_raw,svhn,last,0.9484439036570375,0.01734559334489829,ood_metric/auroc_id_positive,OOD-1,up,id_train,id_test_vs_svhn,detector_declared,0.3382759680393362,0.1074925910379973,ood_metric/fpr95_id_tpr,OOD-4,down,id_train,id_test_vs_svhn,detector_declared,0.9192937043284336,0.029642040184150308,ood_metric/aupr_in_openood_auc,OOD-2,up,id_train,id_test_vs_svhn,detector_declared,0.9705605028252707,0.009606342701513337,ood_metric/aupr_out_openood_auc,OOD-3,up,id_train,id_test_vs_svhn,detector_declared
metric_contract_v1.2,c38b09694be88aa74de0741b39e9d3ba0d6ff61a,35a1a66f78dfd6255c4d804586ee6863969be78d21acec5cd0ccf00476ddaa5c,f80984d28ef9a7550633fb3aea514f783f3db1fa655a6d3f49850b10857e6afc,C2,sgd,0.3,0.0001,86af0abedd46c2a0c8eddb4fea4739037bd2bfd7259cc44a9b8303088bfee3b9,detector/vim_author_dim,svhn,last,0.981968934388445,0.012220272842261978,ood_metric/auroc_id_positive,OOD-1,up,id_train,id_test_vs_svhn,detector_declared,0.10414105716041795,0.08108021750570465,ood_metric/fpr95_id_tpr,OOD-4,down,id_train,id_test_vs_svhn,detector_declared,0.9655991127805743,0.01960377301181192,ood_metric/aupr_in_openood_auc,OOD-2,up,id_train,id_test_vs_svhn,detector_declared,0.9921158319491168,0.005846318710138593,ood_metric/aupr_out_openood_auc,OOD-3,up,id_train,id_test_vs_svhn,detector_declared
metric_contract_v1.2,c38b09694be88aa74de0741b39e9d3ba0d6ff61a,35a1a66f78dfd6255c4d804586ee6863969be78d21acec5cd0ccf00476ddaa5c,f80984d28ef9a7550633fb3aea514f783f3db1fa655a6d3f49850b10857e6afc,C2,sgd,0.3,0.0001,86af0abedd46c2a0c8eddb4fea4739037bd2bfd7259cc44a9b8303088bfee3b9,ood_score/energy_t1,svhn,last,0.967649323909035,0.01909496311259951,ood_metric/auroc_id_positive,OOD-1,up,,id_test_vs_svhn,detector_declared,0.17592450317557876,0.11777181901387875,ood_metric/fpr95_id_tpr,OOD-4,down,,id_test_vs_svhn,detector_declared,0.9399859681104307,0.03332016700795345,ood_metric/aupr_in_openood_auc,OOD-2,up,,id_test_vs_svhn,detector_declared,0.9845092376384589,0.009676061773587543,ood_metric/aupr_out_openood_auc,OOD-3,up,,id_test_vs_svhn,detector_declared
metric_contract_v1.2,c38b09694be88aa74de0741b39e9d3ba0d6ff61a,35a1a66f78dfd6255c4d804586ee6863969be78d21acec5cd0ccf00476ddaa5c,f80984d28ef9a7550633fb3aea514f783f3db1fa655a6d3f49850b10857e6afc,C2,sgd,0.3,0.0001,86af0abedd46c2a0c8eddb4fea4739037bd2bfd7259cc44a9b8303088bfee3b9,ood_score/max_logit,svhn,last,0.9667687544816636,0.019110817037143304,ood_metric/auroc_id_positive,OOD-1,up,,id_test_vs_svhn,detector_declared,0.18208358942839584,0.11960616940217586,ood_metric/fpr95_id_tpr,OOD-4,down,,id_test_vs_svhn,detector_declared,0.9392094401075801,0.03322078469074945,ood_metric/aupr_in_openood_auc,OOD-2,up,,id_test_vs_svhn,detector_declared,0.9838405606178083,0.009778243983991514,ood_metric/aupr_out_openood_auc,OOD-3,up,,id_test_vs_svhn,detector_declared
metric_contract_v1.2,c38b09694be88aa74de0741b39e9d3ba0d6ff61a,35a1a66f78dfd6255c4d804586ee6863969be78d21acec5cd0ccf00476ddaa5c,f80984d28ef9a7550633fb3aea514f783f3db1fa655a6d3f49850b10857e6afc,C2,sgd,0.3,0.0001,86af0abedd46c2a0c8eddb4fea4739037bd2bfd7259cc44a9b8303088bfee3b9,ood_score/msp,svhn,last,0.9401026134501128,0.01810416407422353,ood_metric/auroc_id_positive,OOD-1,up,,id_test_vs_svhn,detector_declared,0.42711534521614425,0.1247033028461132,ood_metric/fpr95_id_tpr,OOD-4,down,,id_test_vs_svhn,detector_declared,0.9144504670290724,0.027351084868400266,ood_metric/aupr_in_openood_auc,OOD-2,up,,id_test_vs_svhn,detector_declared,0.9650217879226224,0.011466564824865782,ood_metric/aupr_out_openood_auc,OOD-3,up,,id_test_vs_svhn,detector_declared
metric_contract_v1.2,c38b09694be88aa74de0741b39e9d3ba0d6ff61a,35a1a66f78dfd6255c4d804586ee6863969be78d21acec5cd0ccf00476ddaa5c,f80984d28ef9a7550633fb3aea514f783f3db1fa655a6d3f49850b10857e6afc,C2,adam,0.0003,0.001,db137e7d3c712f7a4752a4ecaee827c58ae25bc907f916dbab0de88a87e33211,detector/ctm_prototype_cosine,svhn,last,0.8944042934337227,0.003903734778976727,ood_metric/auroc_id_positive,OOD-1,up,id_train,id_test_vs_svhn,detector_declared,0.6033343577135833,0.02472867038400445,ood_metric/fpr95_id_tpr,OOD-4,down,id_train,id_test_vs_svhn,detector_declared,0.8462944270696188,0.0017511965685194104,ood_metric/aupr_in_openood_auc,OOD-2,up,id_train,id_test_vs_svhn,detector_declared,0.9398315819438411,0.0033728515139715624,ood_metric/aupr_out_openood_auc,OOD-3,up,id_train,id_test_vs_svhn,detector_declared
metric_contract_v1.2,c38b09694be88aa74de0741b39e9d3ba0d6ff61a,35a1a66f78dfd6255c4d804586ee6863969be78d21acec5cd0ccf00476ddaa5c,f80984d28ef9a7550633fb3aea514f783f3db1fa655a6d3f49850b10857e6afc,C2,adam,0.0003,0.001,db137e7d3c712f7a4752a4ecaee827c58ae25bc907f916dbab0de88a87e33211,detector/knn_l2_k50,svhn,last,0.9013065214607662,0.007985673722874941,ood_metric/auroc_id_positive,OOD-1,up,id_train,id_test_vs_svhn,detector_declared,0.582718705183364,0.033976632467503945,ood_metric/fpr95_id_tpr,OOD-4,down,id_train,id_test_vs_svhn,detector_declared,0.8567976496378318,0.011626664814001316,ood_metric/aupr_in_openood_auc,OOD-2,up,id_train,id_test_vs_svhn,detector_declared,0.9430551129832074,0.006106566215588903,ood_metric/aupr_out_openood_auc,OOD-3,up,id_train,id_test_vs_svhn,detector_declared
metric_contract_v1.2,c38b09694be88aa74de0741b39e9d3ba0d6ff61a,35a1a66f78dfd6255c4d804586ee6863969be78d21acec5cd0ccf00476ddaa5c,f80984d28ef9a7550633fb3aea514f783f3db1fa655a6d3f49850b10857e6afc,C2,adam,0.0003,0.001,db137e7d3c712f7a4752a4ecaee827c58ae25bc907f916dbab0de88a87e33211,detector/mahalanobis_pp,svhn,last,0.9787215875332924,0.0016129602715374372,ood_metric/auroc_id_positive,OOD-1,up,id_train,id_test_vs_svhn,detector_declared,0.11948115140340095,0.009157296614190236,ood_metric/fpr95_id_tpr,OOD-4,down,id_train,id_test_vs_svhn,detector_declared,0.9575271133217943,0.0039453821728676125,ood_metric/aupr_in_openood_auc,OOD-2,up,id_train,id_test_vs_svhn,detector_declared,0.9909623290826345,0.0006237575707220278,ood_metric/aupr_out_openood_auc,OOD-3,up,id_train,id_test_vs_svhn,detector_declared
metric_contract_v1.2,c38b09694be88aa74de0741b39e9d3ba0d6ff61a,35a1a66f78dfd6255c4d804586ee6863969be78d21acec5cd0ccf00476ddaa5c,f80984d28ef9a7550633fb3aea514f783f3db1fa655a6d3f49850b10857e6afc,C2,adam,0.0003,0.001,db137e7d3c712f7a4752a4ecaee827c58ae25bc907f916dbab0de88a87e33211,detector/mahalanobis_raw,svhn,last,0.581181458717476,0.016079428022490384,ood_metric/auroc_id_positive,OOD-1,up,id_train,id_test_vs_svhn,detector_declared,0.9481023355869699,0.009083083918130128,ood_metric/fpr95_id_tpr,OOD-4,down,id_train,id_test_vs_svhn,detector_declared,0.41708207488232807,0.023803131856884853,ood_metric/aupr_in_openood_auc,OOD-2,up,id_train,id_test_vs_svhn,detector_declared,0.7527464239346758,0.011173975471827375,ood_metric/aupr_out_openood_auc,OOD-3,up,id_train,id_test_vs_svhn,detector_declared
metric_contract_v1.2,c38b09694be88aa74de0741b39e9d3ba0d6ff61a,35a1a66f78dfd6255c4d804586ee6863969be78d21acec5cd0ccf00476ddaa5c,f80984d28ef9a7550633fb3aea514f783f3db1fa655a6d3f49850b10857e6afc,C2,adam,0.0003,0.001,db137e7d3c712f7a4752a4ecaee827c58ae25bc907f916dbab0de88a87e33211,detector/neco_author_std_dim100,svhn,last,0.9136719678344601,0.01870307464225987,ood_metric/auroc_id_positive,OOD-1,up,id_train,id_test_vs_svhn,detector_declared,0.598417332513829,0.1022728417477428,ood_metric/fpr95_id_tpr,OOD-4,down,id_train,id_test_vs_svhn,detector_declared,0.8854461610500503,0.02203909326850205,ood_metric/aupr_in_openood_auc,OOD-2,up,id_train,id_test_vs_svhn,detector_declared,0.9451366340778978,0.013836337517281978,ood_metric/aupr_out_openood_auc,OOD-3,up,id_train,id_test_vs_svhn,detector_declared
metric_contract_v1.2,c38b09694be88aa74de0741b39e9d3ba0d6ff61a,35a1a66f78dfd6255c4d804586ee6863969be78d21acec5cd0ccf00476ddaa5c,f80984d28ef9a7550633fb3aea514f783f3db1fa655a6d3f49850b10857e6afc,C2,adam,0.0003,0.001,db137e7d3c712f7a4752a4ecaee827c58ae25bc907f916dbab0de88a87e33211,detector/relative_mahalanobis_pp,svhn,last,0.8804849569760295,0.013698461639855478,ood_metric/auroc_id_positive,OOD-1,up,id_train,id_test_vs_svhn,detector_declared,0.7129302397049785,0.044902128557138134,ood_metric/fpr95_id_tpr,OOD-4,down,id_train,id_test_vs_svhn,detector_declared,0.8218871911372035,0.021567387289002826,ood_metric/aupr_in_openood_auc,OOD-2,up,id_train,id_test_vs_svhn,detector_declared,0.9208229151010826,0.00929945887748713,ood_metric/aupr_out_openood_auc,OOD-3,up,id_train,id_test_vs_svhn,detector_declared
metric_contract_v1.2,c38b09694be88aa74de0741b39e9d3ba0d6ff61a,35a1a66f78dfd6255c4d804586ee6863969be78d21acec5cd0ccf00476ddaa5c,f80984d28ef9a7550633fb3aea514f783f3db1fa655a6d3f49850b10857e6afc,C2,adam,0.0003,0.001,db137e7d3c712f7a4752a4ecaee827c58ae25bc907f916dbab0de88a87e33211,detector/relative_mahalanobis_raw,svhn,last,0.91400057365294,0.008508263972598776,ood_metric/auroc_id_positive,OOD-1,up,id_train,id_test_vs_svhn,detector_declared,0.5661365498873182,0.05390440938654334,ood_metric/fpr95_id_tpr,OOD-4,down,id_train,id_test_vs_svhn,detector_declared,0.8714288334066668,0.013916684981209088,ood_metric/aupr_in_openood_auc,OOD-2,up,id_train,id_test_vs_svhn,detector_declared,0.9425277888924114,0.0058811103213621575,ood_metric/aupr_out_openood_auc,OOD-3,up,id_train,id_test_vs_svhn,detector_declared
metric_contract_v1.2,c38b09694be88aa74de0741b39e9d3ba0d6ff61a,35a1a66f78dfd6255c4d804586ee6863969be78d21acec5cd0ccf00476ddaa5c,f80984d28ef9a7550633fb3aea514f783f3db1fa655a6d3f49850b10857e6afc,C2,adam,0.0003,0.001,db137e7d3c712f7a4752a4ecaee827c58ae25bc907f916dbab0de88a87e33211,detector/vim_author_dim,svhn,last,0.9171213468039335,0.005992493056555981,ood_metric/auroc_id_positive,OOD-1,up,id_train,id_test_vs_svhn,detector_declared,0.5888649866830568,0.04884617914330681,ood_metric/fpr95_id_tpr,OOD-4,down,id_train,id_test_vs_svhn,detector_declared,0.8904678678658132,0.004033382615142246,ood_metric/aupr_in_openood_auc,OOD-2,up,id_train,id_test_vs_svhn,detector_declared,0.9469412550394974,0.004457814957372272,ood_metric/aupr_out_openood_auc,OOD-3,up,id_train,id_test_vs_svhn,detector_declared
metric_contract_v1.2,c38b09694be88aa74de0741b39e9d3ba0d6ff61a,35a1a66f78dfd6255c4d804586ee6863969be78d21acec5cd0ccf00476ddaa5c,f80984d28ef9a7550633fb3aea514f783f3db1fa655a6d3f49850b10857e6afc,C2,adam,0.0003,0.001,db137e7d3c712f7a4752a4ecaee827c58ae25bc907f916dbab0de88a87e33211,ood_score/energy_t1,svhn,last,0.9650122733558696,0.003794474304665805,ood_metric/auroc_id_positive,OOD-1,up,,id_test_vs_svhn,detector_declared,0.2062845728334358,0.027252771535500046,ood_metric/fpr95_id_tpr,OOD-4,down,,id_test_vs_svhn,detector_declared,0.938436416942568,0.004257500373745426,ood_metric/aupr_in_openood_auc,OOD-2,up,,id_test_vs_svhn,detector_declared,0.9832947273259259,0.002283377831615157,ood_metric/aupr_out_openood_auc,OOD-3,up,,id_test_vs_svhn,detector_declared
metric_contract_v1.2,c38b09694be88aa74de0741b39e9d3ba0d6ff61a,35a1a66f78dfd6255c4d804586ee6863969be78d21acec5cd0ccf00476ddaa5c,f80984d28ef9a7550633fb3aea514f783f3db1fa655a6d3f49850b10857e6afc,C2,adam,0.0003,0.001,db137e7d3c712f7a4752a4ecaee827c58ae25bc907f916dbab0de88a87e33211,ood_score/max_logit,svhn,last,0.9633798101055112,0.0038317109341923917,ood_metric/auroc_id_positive,OOD-1,up,,id_test_vs_svhn,detector_declared,0.21760397459536981,0.027977195910753955,ood_metric/fpr95_id_tpr,OOD-4,down,,id_test_vs_svhn,detector_declared,0.9370594406627423,0.004234043971669139,ood_metric/aupr_in_openood_auc,OOD-2,up,,id_test_vs_svhn,detector_declared,0.9819452150880256,0.002367419664802789,ood_metric/aupr_out_openood_auc,OOD-3,up,,id_test_vs_svhn,detector_declared
metric_contract_v1.2,c38b09694be88aa74de0741b39e9d3ba0d6ff61a,35a1a66f78dfd6255c4d804586ee6863969be78d21acec5cd0ccf00476ddaa5c,f80984d28ef9a7550633fb3aea514f783f3db1fa655a6d3f49850b10857e6afc,C2,adam,0.0003,0.001,db137e7d3c712f7a4752a4ecaee827c58ae25bc907f916dbab0de88a87e33211,ood_score/msp,svhn,last,0.923609816123745,0.0045697161714207965,ood_metric/auroc_id_positive,OOD-1,up,,id_test_vs_svhn,detector_declared,0.5527299733661135,0.02499278871128317,ood_metric/fpr95_id_tpr,OOD-4,down,,id_test_vs_svhn,detector_declared,0.895309635008573,0.006419643179875936,ood_metric/aupr_in_openood_auc,OOD-2,up,,id_test_vs_svhn,detector_declared,0.9550079553382421,0.0030885533998599784,ood_metric/aupr_out_openood_auc,OOD-3,up,,id_test_vs_svhn,detector_declared
metric_contract_v1.2,c38b09694be88aa74de0741b39e9d3ba0d6ff61a,35a1a66f78dfd6255c4d804586ee6863969be78d21acec5cd0ccf00476ddaa5c,f80984d28ef9a7550633fb3aea514f783f3db1fa655a6d3f49850b10857e6afc,C3,sgd,0.1,0.0,f315d560c588b29298c6e3749f644634c09a1f3187eeea25d98e941c498f6242,detector/ctm_prototype_cosine,svhn,last,0.9888625332923583,0.0011064707438046952,ood_metric/auroc_id_positive,OOD-1,up,id_train,id_test_vs_svhn,detector_declared,0.06649508297480024,0.007770797351619665,ood_metric/fpr95_id_tpr,OOD-4,down,id_train,id_test_vs_svhn,detector_declared,0.9742903722562888,0.002087660473747285,ood_metric/aupr_in_openood_auc,OOD-2,up,id_train,id_test_vs_svhn,detector_declared,0.9956791680839138,0.00047376523398102804,ood_metric/aupr_out_openood_auc,OOD-3,up,id_train,id_test_vs_svhn,detector_declared
metric_contract_v1.2,c38b09694be88aa74de0741b39e9d3ba0d6ff61a,35a1a66f78dfd6255c4d804586ee6863969be78d21acec5cd0ccf00476ddaa5c,f80984d28ef9a7550633fb3aea514f783f3db1fa655a6d3f49850b10857e6afc,C3,sgd,0.1,0.0,f315d560c588b29298c6e3749f644634c09a1f3187eeea25d98e941c498f6242,detector/knn_l2_k50,svhn,last,0.9905601900225364,0.0008297940597468849,ood_metric/auroc_id_positive,OOD-1,up,id_train,id_test_vs_svhn,detector_declared,0.05593116164720344,0.004481645300984125,ood_metric/fpr95_id_tpr,OOD-4,down,id_train,id_test_vs_svhn,detector_declared,0.9786159690090516,0.0017072154421214944,ood_metric/aupr_in_openood_auc,OOD-2,up,id_train,id_test_vs_svhn,detector_declared,0.9963103236662798,0.00034171694764709057,ood_metric/aupr_out_openood_auc,OOD-3,up,id_train,id_test_vs_svhn,detector_declared
metric_contract_v1.2,c38b09694be88aa74de0741b39e9d3ba0d6ff61a,35a1a66f78dfd6255c4d804586ee6863969be78d21acec5cd0ccf00476ddaa5c,f80984d28ef9a7550633fb3aea514f783f3db1fa655a6d3f49850b10857e6afc,C3,sgd,0.1,0.0,f315d560c588b29298c6e3749f644634c09a1f3187eeea25d98e941c498f6242,detector/mahalanobis_pp,svhn,last,0.989867860069658,0.001515333762675281,ood_metric/auroc_id_positive,OOD-1,up,id_train,id_test_vs_svhn,detector_declared,0.06220549067813972,0.01016290112444655,ood_metric/fpr95_id_tpr,OOD-4,down,id_train,id_test_vs_svhn,detector_declared,0.9773192679696027,0.0026432258373524664,ood_metric/aupr_in_openood_auc,OOD-2,up,id_train,id_test_vs_svhn,detector_declared,0.9960243425325062,0.0006441247431597948,ood_metric/aupr_out_openood_auc,OOD-3,up,id_train,id_test_vs_svhn,detector_declared
metric_contract_v1.2,c38b09694be88aa74de0741b39e9d3ba0d6ff61a,35a1a66f78dfd6255c4d804586ee6863969be78d21acec5cd0ccf00476ddaa5c,f80984d28ef9a7550633fb3aea514f783f3db1fa655a6d3f49850b10857e6afc,C3,sgd,0.1,0.0,f315d560c588b29298c6e3749f644634c09a1f3187eeea25d98e941c498f6242,detector/mahalanobis_raw,svhn,last,0.8955545059926244,0.018287760399937597,ood_metric/auroc_id_positive,OOD-1,up,id_train,id_test_vs_svhn,detector_declared,0.31954261421839786,0.07128430445532982,ood_metric/fpr95_id_tpr,OOD-4,down,id_train,id_test_vs_svhn,detector_declared,0.723247943148758,0.02405268997326792,ood_metric/aupr_in_openood_auc,OOD-2,up,id_train,id_test_vs_svhn,detector_declared,0.9604479465494321,0.008719741087086253,ood_metric/aupr_out_openood_auc,OOD-3,up,id_train,id_test_vs_svhn,detector_declared
metric_contract_v1.2,c38b09694be88aa74de0741b39e9d3ba0d6ff61a,35a1a66f78dfd6255c4d804586ee6863969be78d21acec5cd0ccf00476ddaa5c,f80984d28ef9a7550633fb3aea514f783f3db1fa655a6d3f49850b10857e6afc,C3,sgd,0.1,0.0,f315d560c588b29298c6e3749f644634c09a1f3187eeea25d98e941c498f6242,detector/neco_author_std_dim100,svhn,last,0.9103664413030117,0.029075470578109393,ood_metric/auroc_id_positive,OOD-1,up,id_train,id_test_vs_svhn,detector_declared,0.5586329645564434,0.1770550775456822,ood_metric/fpr95_id_tpr,OOD-4,down,id_train,id_test_vs_svhn,detector_declared,0.8735622181627719,0.028373902186030576,ood_metric/aupr_in_openood_auc,OOD-2,up,id_train,id_test_vs_svhn,detector_declared,0.9441738595303555,0.02319056486422255,ood_metric/aupr_out_openood_auc,OOD-3,up,id_train,id_test_vs_svhn,detector_declared
metric_contract_v1.2,c38b09694be88aa74de0741b39e9d3ba0d6ff61a,35a1a66f78dfd6255c4d804586ee6863969be78d21acec5cd0ccf00476ddaa5c,f80984d28ef9a7550633fb3aea514f783f3db1fa655a6d3f49850b10857e6afc,C3,sgd,0.1,0.0,f315d560c588b29298c6e3749f644634c09a1f3187eeea25d98e941c498f6242,detector/relative_mahalanobis_pp,svhn,last,0.9072440765212045,0.008596386932121539,ood_metric/auroc_id_positive,OOD-1,up,id_train,id_test_vs_svhn,detector_declared,0.5843064945707847,0.021531880580258046,ood_metric/fpr95_id_tpr,OOD-4,down,id_train,id_test_vs_svhn,detector_declared,0.8646569654576584,0.012387456556115483,ood_metric/aupr_in_openood_auc,OOD-2,up,id_train,id_test_vs_svhn,detector_declared,0.943788211825299,0.006141999699678461,ood_metric/aupr_out_openood_auc,OOD-3,up,id_train,id_test_vs_svhn,detector_declared
metric_contract_v1.2,c38b09694be88aa74de0741b39e9d3ba0d6ff61a,35a1a66f78dfd6255c4d804586ee6863969be78d21acec5cd0ccf00476ddaa5c,f80984d28ef9a7550633fb3aea514f783f3db1fa655a6d3f49850b10857e6afc,C3,sgd,0.1,0.0,f315d560c588b29298c6e3749f644634c09a1f3187eeea25d98e941c498f6242,detector/relative_mahalanobis_raw,svhn,last,0.918735864833026,0.00267512080462606,ood_metric/auroc_id_positive,OOD-1,up,id_train,id_test_vs_svhn,detector_declared,0.5265570579799221,0.02995254010464213,ood_metric/fpr95_id_tpr,OOD-4,down,id_train,id_test_vs_svhn,detector_declared,0.8774697546856746,0.006157395183399266,ood_metric/aupr_in_openood_auc,OOD-2,up,id_train,id_test_vs_svhn,detector_declared,0.9501945887124412,0.003347977320405994,ood_metric/aupr_out_openood_auc,OOD-3,up,id_train,id_test_vs_svhn,detector_declared
metric_contract_v1.2,c38b09694be88aa74de0741b39e9d3ba0d6ff61a,35a1a66f78dfd6255c4d804586ee6863969be78d21acec5cd0ccf00476ddaa5c,f80984d28ef9a7550633fb3aea514f783f3db1fa655a6d3f49850b10857e6afc,C3,sgd,0.1,0.0,f315d560c588b29298c6e3749f644634c09a1f3187eeea25d98e941c498f6242,detector/vim_author_dim,svhn,last,0.9820959447346854,0.005375439562059102,ood_metric/auroc_id_positive,OOD-1,up,id_train,id_test_vs_svhn,detector_declared,0.10768797377586559,0.03757543622803518,ood_metric/fpr95_id_tpr,OOD-4,down,id_train,id_test_vs_svhn,detector_declared,0.9632527158456808,0.00845524033671457,ood_metric/aupr_in_openood_auc,OOD-2,up,id_train,id_test_vs_svhn,detector_declared,0.9926454264558346,0.002473656047896616,ood_metric/aupr_out_openood_auc,OOD-3,up,id_train,id_test_vs_svhn,detector_declared
metric_contract_v1.2,c38b09694be88aa74de0741b39e9d3ba0d6ff61a,35a1a66f78dfd6255c4d804586ee6863969be78d21acec5cd0ccf00476ddaa5c,f80984d28ef9a7550633fb3aea514f783f3db1fa655a6d3f49850b10857e6afc,C3,sgd,0.1,0.0,f315d560c588b29298c6e3749f644634c09a1f3187eeea25d98e941c498f6242,ood_score/energy_t1,svhn,last,0.9602505416410572,0.005872261337454338,ood_metric/auroc_id_positive,OOD-1,up,,id_test_vs_svhn,detector_declared,0.24882196271255888,0.04549961596147058,ood_metric/fpr95_id_tpr,OOD-4,down,,id_test_vs_svhn,detector_declared,0.9359771873105441,0.005739797758425076,ood_metric/aupr_in_openood_auc,OOD-2,up,,id_test_vs_svhn,detector_declared,0.978985445349832,0.0041235517723242415,ood_metric/aupr_out_openood_auc,OOD-3,up,,id_test_vs_svhn,detector_declared
metric_contract_v1.2,c38b09694be88aa74de0741b39e9d3ba0d6ff61a,35a1a66f78dfd6255c4d804586ee6863969be78d21acec5cd0ccf00476ddaa5c,f80984d28ef9a7550633fb3aea514f783f3db1fa655a6d3f49850b10857e6afc,C3,sgd,0.1,0.0,f315d560c588b29298c6e3749f644634c09a1f3187eeea25d98e941c498f6242,ood_score/max_logit,svhn,last,0.9599623777146077,0.005719702055672414,ood_metric/auroc_id_positive,OOD-1,up,,id_test_vs_svhn,detector_declared,0.2501024380249949,0.04577081706756355,ood_metric/fpr95_id_tpr,OOD-4,down,,id_test_vs_svhn,detector_declared,0.9357224789284978,0.0055943567997079864,ood_metric/aupr_in_openood_auc,OOD-2,up,,id_test_vs_svhn,detector_declared,0.9787997748264569,0.004047319436465659,ood_metric/aupr_out_openood_auc,OOD-3,up,,id_test_vs_svhn,detector_declared
metric_contract_v1.2,c38b09694be88aa74de0741b39e9d3ba0d6ff61a,35a1a66f78dfd6255c4d804586ee6863969be78d21acec5cd0ccf00476ddaa5c,f80984d28ef9a7550633fb3aea514f783f3db1fa655a6d3f49850b10857e6afc,C3,sgd,0.1,0.0,f315d560c588b29298c6e3749f644634c09a1f3187eeea25d98e941c498f6242,ood_score/msp,svhn,last,0.9264091528375333,0.0018680315105592542,ood_metric/auroc_id_positive,OOD-1,up,,id_test_vs_svhn,detector_declared,0.5467757631632862,0.010963172091277958,ood_metric/fpr95_id_tpr,OOD-4,down,,id_test_vs_svhn,detector_declared,0.9014705117710161,0.004351798626092554,ood_metric/aupr_in_openood_auc,OOD-2,up,,id_test_vs_svhn,detector_declared,0.9554778511883709,0.0010584211638423038,ood_metric/aupr_out_openood_auc,OOD-3,up,,id_test_vs_svhn,detector_declared
metric_contract_v1.2,c38b09694be88aa74de0741b39e9d3ba0d6ff61a,35a1a66f78dfd6255c4d804586ee6863969be78d21acec5cd0ccf00476ddaa5c,f80984d28ef9a7550633fb3aea514f783f3db1fa655a6d3f49850b10857e6afc,C3,adam,0.0003,0.0,b701f780ad99d469949a985b0472b8d1f26be0545e531d92895b7559ca142328,detector/ctm_prototype_cosine,svhn,last,0.9492051667178858,0.0049736801429928505,ood_metric/auroc_id_positive,OOD-1,up,id_train,id_test_vs_svhn,detector_declared,0.32824984634296245,0.027256994672864746,ood_metric/fpr95_id_tpr,OOD-4,down,id_train,id_test_vs_svhn,detector_declared,0.9143564810534891,0.007953134368334017,ood_metric/aupr_in_openood_auc,OOD-2,up,id_train,id_test_vs_svhn,detector_declared,0.9766996019484898,0.0024650042030410243,ood_metric/aupr_out_openood_auc,OOD-3,up,id_train,id_test_vs_svhn,detector_declared
metric_contract_v1.2,c38b09694be88aa74de0741b39e9d3ba0d6ff61a,35a1a66f78dfd6255c4d804586ee6863969be78d21acec5cd0ccf00476ddaa5c,f80984d28ef9a7550633fb3aea514f783f3db1fa655a6d3f49850b10857e6afc,C3,adam,0.0003,0.0,b701f780ad99d469949a985b0472b8d1f26be0545e531d92895b7559ca142328,detector/knn_l2_k50,svhn,last,0.9526383937717681,0.005270983946524715,ood_metric/auroc_id_positive,OOD-1,up,id_train,id_test_vs_svhn,detector_declared,0.30571348084408934,0.033028139977495416,ood_metric/fpr95_id_tpr,OOD-4,down,id_train,id_test_vs_svhn,detector_declared,0.9210626518723185,0.007864003965605918,ood_metric/aupr_in_openood_auc,OOD-2,up,id_train,id_test_vs_svhn,detector_declared,0.9782208677343944,0.0025787434252554364,ood_metric/aupr_out_openood_auc,OOD-3,up,id_train,id_test_vs_svhn,detector_declared
metric_contract_v1.2,c38b09694be88aa74de0741b39e9d3ba0d6ff61a,35a1a66f78dfd6255c4d804586ee6863969be78d21acec5cd0ccf00476ddaa5c,f80984d28ef9a7550633fb3aea514f783f3db1fa655a6d3f49850b10857e6afc,C3,adam,0.0003,0.0,b701f780ad99d469949a985b0472b8d1f26be0545e531d92895b7559ca142328,detector/mahalanobis_pp,svhn,last,0.9792653810694528,0.005384953289392468,ood_metric/auroc_id_positive,OOD-1,up,id_train,id_test_vs_svhn,detector_declared,0.12397561975005122,0.03391734019804918,ood_metric/fpr95_id_tpr,OOD-4,down,id_train,id_test_vs_svhn,detector_declared,0.9555848492048096,0.009983837643190701,ood_metric/aupr_in_openood_auc,OOD-2,up,id_train,id_test_vs_svhn,detector_declared,0.9917171210623744,0.002256189893791253,ood_metric/aupr_out_openood_auc,OOD-3,up,id_train,id_test_vs_svhn,detector_declared
metric_contract_v1.2,c38b09694be88aa74de0741b39e9d3ba0d6ff61a,35a1a66f78dfd6255c4d804586ee6863969be78d21acec5cd0ccf00476ddaa5c,f80984d28ef9a7550633fb3aea514f783f3db1fa655a6d3f49850b10857e6afc,C3,adam,0.0003,0.0,b701f780ad99d469949a985b0472b8d1f26be0545e531d92895b7559ca142328,detector/mahalanobis_raw,svhn,last,0.9161957244929319,0.014716183037384836,ood_metric/auroc_id_positive,OOD-1,up,id_train,id_test_vs_svhn,detector_declared,0.37913593525916817,0.0750849356177658,ood_metric/fpr95_id_tpr,OOD-4,down,id_train,id_test_vs_svhn,detector_declared,0.832647414733685,0.017857106838304614,ood_metric/aupr_in_openood_auc,OOD-2,up,id_train,id_test_vs_svhn,detector_declared,0.9628233693844103,0.008431718904113154,ood_metric/aupr_out_openood_auc,OOD-3,up,id_train,id_test_vs_svhn,detector_declared
metric_contract_v1.2,c38b09694be88aa74de0741b39e9d3ba0d6ff61a,35a1a66f78dfd6255c4d804586ee6863969be78d21acec5cd0ccf00476ddaa5c,f80984d28ef9a7550633fb3aea514f783f3db1fa655a6d3f49850b10857e6afc,C3,adam,0.0003,0.0,b701f780ad99d469949a985b0472b8d1f26be0545e531d92895b7559ca142328,detector/neco_author_std_dim100,svhn,last,0.9683192314587176,0.005413086410006402,ood_metric/auroc_id_positive,OOD-1,up,id_train,id_test_vs_svhn,detector_declared,0.18318479819709077,0.036639840640348365,ood_metric/fpr95_id_tpr,OOD-4,down,id_train,id_test_vs_svhn,detector_declared,0.94548941421399,0.007965998482071886,ood_metric/aupr_in_openood_auc,OOD-2,up,id_train,id_test_vs_svhn,detector_declared,0.984219411213688,0.0031519279853945595,ood_metric/aupr_out_openood_auc,OOD-3,up,id_train,id_test_vs_svhn,detector_declared
metric_contract_v1.2,c38b09694be88aa74de0741b39e9d3ba0d6ff61a,35a1a66f78dfd6255c4d804586ee6863969be78d21acec5cd0ccf00476ddaa5c,f80984d28ef9a7550633fb3aea514f783f3db1fa655a6d3f49850b10857e6afc,C3,adam,0.0003,0.0,b701f780ad99d469949a985b0472b8d1f26be0545e531d92895b7559ca142328,detector/relative_mahalanobis_pp,svhn,last,0.8919282178344602,0.010860131058218198,ood_metric/auroc_id_positive,OOD-1,up,id_train,id_test_vs_svhn,detector_declared,0.6282139930342142,0.023848181509360612,ood_metric/fpr95_id_tpr,OOD-4,down,id_train,id_test_vs_svhn,detector_declared,0.8204910688677188,0.03648991641183201,ood_metric/aupr_in_openood_auc,OOD-2,up,id_train,id_test_vs_svhn,detector_declared,0.936234939192811,0.006769283238528592,ood_metric/aupr_out_openood_auc,OOD-3,up,id_train,id_test_vs_svhn,detector_declared
metric_contract_v1.2,c38b09694be88aa74de0741b39e9d3ba0d6ff61a,35a1a66f78dfd6255c4d804586ee6863969be78d21acec5cd0ccf00476ddaa5c,f80984d28ef9a7550633fb3aea514f783f3db1fa655a6d3f49850b10857e6afc,C3,adam,0.0003,0.0,b701f780ad99d469949a985b0472b8d1f26be0545e531d92895b7559ca142328,detector/relative_mahalanobis_raw,svhn,last,0.9160695298094653,0.01149686870291098,ood_metric/auroc_id_positive,OOD-1,up,id_train,id_test_vs_svhn,detector_declared,0.5037902069248105,0.03988533022269752,ood_metric/fpr95_id_tpr,OOD-4,down,id_train,id_test_vs_svhn,detector_declared,0.8608149295893778,0.02451983932229038,ood_metric/aupr_in_openood_auc,OOD-2,up,id_train,id_test_vs_svhn,detector_declared,0.9518243340958482,0.007219529435847708,ood_metric/aupr_out_openood_auc,OOD-3,up,id_train,id_test_vs_svhn,detector_declared
metric_contract_v1.2,c38b09694be88aa74de0741b39e9d3ba0d6ff61a,35a1a66f78dfd6255c4d804586ee6863969be78d21acec5cd0ccf00476ddaa5c,f80984d28ef9a7550633fb3aea514f783f3db1fa655a6d3f49850b10857e6afc,C3,adam,0.0003,0.0,b701f780ad99d469949a985b0472b8d1f26be0545e531d92895b7559ca142328,detector/vim_author_dim,svhn,last,0.9625167076418766,0.00535558588966656,ood_metric/auroc_id_positive,OOD-1,up,id_train,id_test_vs_svhn,detector_declared,0.23956412620364684,0.03811967047843433,ood_metric/fpr95_id_tpr,OOD-4,down,id_train,id_test_vs_svhn,detector_declared,0.9396690371830448,0.005992554910505055,ood_metric/aupr_in_openood_auc,OOD-2,up,id_train,id_test_vs_svhn,detector_declared,0.9813693722200192,0.003699432145235094,ood_metric/aupr_out_openood_auc,OOD-3,up,id_train,id_test_vs_svhn,detector_declared
metric_contract_v1.2,c38b09694be88aa74de0741b39e9d3ba0d6ff61a,35a1a66f78dfd6255c4d804586ee6863969be78d21acec5cd0ccf00476ddaa5c,f80984d28ef9a7550633fb3aea514f783f3db1fa655a6d3f49850b10857e6afc,C3,adam,0.0003,0.0,b701f780ad99d469949a985b0472b8d1f26be0545e531d92895b7559ca142328,ood_score/energy_t1,svhn,last,0.9294530590555214,0.0018566686115061215,ood_metric/auroc_id_positive,OOD-1,up,,id_test_vs_svhn,detector_declared,0.4492547633681623,0.048768366048766616,ood_metric/fpr95_id_tpr,OOD-4,down,,id_test_vs_svhn,detector_declared,0.8988571234827042,0.004892136080680902,ood_metric/aupr_in_openood_auc,OOD-2,up,,id_test_vs_svhn,detector_declared,0.9508176352952041,0.003207643614629368,ood_metric/aupr_out_openood_auc,OOD-3,up,,id_test_vs_svhn,detector_declared
metric_contract_v1.2,c38b09694be88aa74de0741b39e9d3ba0d6ff61a,35a1a66f78dfd6255c4d804586ee6863969be78d21acec5cd0ccf00476ddaa5c,f80984d28ef9a7550633fb3aea514f783f3db1fa655a6d3f49850b10857e6afc,C3,adam,0.0003,0.0,b701f780ad99d469949a985b0472b8d1f26be0545e531d92895b7559ca142328,ood_score/max_logit,svhn,last,0.929677154399713,0.00172369730890228,ood_metric/auroc_id_positive,OOD-1,up,,id_test_vs_svhn,detector_declared,0.45136754763368164,0.04409001535329273,ood_metric/fpr95_id_tpr,OOD-4,down,,id_test_vs_svhn,detector_declared,0.8987129507484255,0.00491680847859303,ood_metric/aupr_in_openood_auc,OOD-2,up,,id_test_vs_svhn,detector_declared,0.9523332842342723,0.003088569920094642,ood_metric/aupr_out_openood_auc,OOD-3,up,,id_test_vs_svhn,detector_declared
metric_contract_v1.2,c38b09694be88aa74de0741b39e9d3ba0d6ff61a,35a1a66f78dfd6255c4d804586ee6863969be78d21acec5cd0ccf00476ddaa5c,f80984d28ef9a7550633fb3aea514f783f3db1fa655a6d3f49850b10857e6afc,C3,adam,0.0003,0.0,b701f780ad99d469949a985b0472b8d1f26be0545e531d92895b7559ca142328,ood_score/msp,svhn,last,0.9210844185361605,0.004372125583176195,ood_metric/auroc_id_positive,OOD-1,up,,id_test_vs_svhn,detector_declared,0.5490165949600492,0.016650399170356628,ood_metric/fpr95_id_tpr,OOD-4,down,,id_test_vs_svhn,detector_declared,0.8905281986209137,0.011338600858342486,ood_metric/aupr_in_openood_auc,OOD-2,up,,id_test_vs_svhn,detector_declared,0.953828905769492,0.0020866011528193496,ood_metric/aupr_out_openood_auc,OOD-3,up,,id_test_vs_svhn,detector_declared
metric_contract_v1.2,c38b09694be88aa74de0741b39e9d3ba0d6ff61a,35a1a66f78dfd6255c4d804586ee6863969be78d21acec5cd0ccf00476ddaa5c,f80984d28ef9a7550633fb3aea514f783f3db1fa655a6d3f49850b10857e6afc,C3,adamw,0.001,0.0001,5742764ef3bd686abf56fbeafa222ed2fa2784afb6f787533493cfe88190f71f,detector/ctm_prototype_cosine,svhn,last,0.9771670636140136,0.003417895308836033,ood_metric/auroc_id_positive,OOD-1,up,id_train,id_test_vs_svhn,detector_declared,0.14245287850850238,0.0214530598447044,ood_metric/fpr95_id_tpr,OOD-4,down,id_train,id_test_vs_svhn,detector_declared,0.9539253342574917,0.00572216578292573,ood_metric/aupr_in_openood_auc,OOD-2,up,id_train,id_test_vs_svhn,detector_declared,0.9906281608547882,0.0015568167297525548,ood_metric/aupr_out_openood_auc,OOD-3,up,id_train,id_test_vs_svhn,detector_declared
metric_contract_v1.2,c38b09694be88aa74de0741b39e9d3ba0d6ff61a,35a1a66f78dfd6255c4d804586ee6863969be78d21acec5cd0ccf00476ddaa5c,f80984d28ef9a7550633fb3aea514f783f3db1fa655a6d3f49850b10857e6afc,C3,adamw,0.001,0.0001,5742764ef3bd686abf56fbeafa222ed2fa2784afb6f787533493cfe88190f71f,detector/knn_l2_k50,svhn,last,0.9766772101003892,0.010886504904849806,ood_metric/auroc_id_positive,OOD-1,up,id_train,id_test_vs_svhn,detector_declared,0.14799733661135014,0.0769002271120061,ood_metric/fpr95_id_tpr,OOD-4,down,id_train,id_test_vs_svhn,detector_declared,0.955504431987054,0.017386281854643717,ood_metric/aupr_in_openood_auc,OOD-2,up,id_train,id_test_vs_svhn,detector_declared,0.990177303390476,0.004936737938728198,ood_metric/aupr_out_openood_auc,OOD-3,up,id_train,id_test_vs_svhn,detector_declared
metric_contract_v1.2,c38b09694be88aa74de0741b39e9d3ba0d6ff61a,35a1a66f78dfd6255c4d804586ee6863969be78d21acec5cd0ccf00476ddaa5c,f80984d28ef9a7550633fb3aea514f783f3db1fa655a6d3f49850b10857e6afc,C3,adamw,0.001,0.0001,5742764ef3bd686abf56fbeafa222ed2fa2784afb6f787533493cfe88190f71f,detector/mahalanobis_pp,svhn,last,0.9866770321143208,0.0018787876742810657,ood_metric/auroc_id_positive,OOD-1,up,id_train,id_test_vs_svhn,detector_declared,0.07995287850850236,0.011772596987851951,ood_metric/fpr95_id_tpr,OOD-4,down,id_train,id_test_vs_svhn,detector_declared,0.969798719773903,0.003812019573387626,ood_metric/aupr_in_openood_auc,OOD-2,up,id_train,id_test_vs_svhn,detector_declared,0.9948074141982173,0.0007501493130991246,ood_metric/aupr_out_openood_auc,OOD-3,up,id_train,id_test_vs_svhn,detector_declared
metric_contract_v1.2,c38b09694be88aa74de0741b39e9d3ba0d6ff61a,35a1a66f78dfd6255c4d804586ee6863969be78d21acec5cd0ccf00476ddaa5c,f80984d28ef9a7550633fb3aea514f783f3db1fa655a6d3f49850b10857e6afc,C3,adamw,0.001,0.0001,5742764ef3bd686abf56fbeafa222ed2fa2784afb6f787533493cfe88190f71f,detector/mahalanobis_raw,svhn,last,0.8520005787748413,0.03718743960345537,ood_metric/auroc_id_positive,OOD-1,up,id_train,id_test_vs_svhn,detector_declared,0.48354589223519767,0.11693149957530066,ood_metric/fpr95_id_tpr,OOD-4,down,id_train,id_test_vs_svhn,detector_declared,0.6884266229574814,0.055589773863018686,ood_metric/aupr_in_openood_auc,OOD-2,up,id_train,id_test_vs_svhn,detector_declared,0.937003992623478,0.02060785082640869,ood_metric/aupr_out_openood_auc,OOD-3,up,id_train,id_test_vs_svhn,detector_declared
metric_contract_v1.2,c38b09694be88aa74de0741b39e9d3ba0d6ff61a,35a1a66f78dfd6255c4d804586ee6863969be78d21acec5cd0ccf00476ddaa5c,f80984d28ef9a7550633fb3aea514f783f3db1fa655a6d3f49850b10857e6afc,C3,adamw,0.001,0.0001,5742764ef3bd686abf56fbeafa222ed2fa2784afb6f787533493cfe88190f71f,detector/neco_author_std_dim100,svhn,last,0.933496401864372,0.028801468941293443,ood_metric/auroc_id_positive,OOD-1,up,id_train,id_test_vs_svhn,detector_declared,0.41016185207949185,0.1979288790204521,ood_metric/fpr95_id_tpr,OOD-4,down,id_train,id_test_vs_svhn,detector_declared,0.8987967947188266,0.035026581309195975,ood_metric/aupr_in_openood_auc,OOD-2,up,id_train,id_test_vs_svhn,detector_declared,0.9601665438528274,0.023484832412058818,ood_metric/aupr_out_openood_auc,OOD-3,up,id_train,id_test_vs_svhn,detector_declared
metric_contract_v1.2,c38b09694be88aa74de0741b39e9d3ba0d6ff61a,35a1a66f78dfd6255c4d804586ee6863969be78d21acec5cd0ccf00476ddaa5c,f80984d28ef9a7550633fb3aea514f783f3db1fa655a6d3f49850b10857e6afc,C3,adamw,0.001,0.0001,5742764ef3bd686abf56fbeafa222ed2fa2784afb6f787533493cfe88190f71f,detector/relative_mahalanobis_pp,svhn,last,0.8830501920712969,0.03565253553327189,ood_metric/auroc_id_positive,OOD-1,up,id_train,id_test_vs_svhn,detector_declared,0.6810335996721983,0.1516655301410024,ood_metric/fpr95_id_tpr,OOD-4,down,id_train,id_test_vs_svhn,detector_declared,0.8306784582750067,0.050200519521696366,ood_metric/aupr_in_openood_auc,OOD-2,up,id_train,id_test_vs_svhn,detector_declared,0.927847496744192,0.027534842387113713,ood_metric/aupr_out_openood_auc,OOD-3,up,id_train,id_test_vs_svhn,detector_declared
metric_contract_v1.2,c38b09694be88aa74de0741b39e9d3ba0d6ff61a,35a1a66f78dfd6255c4d804586ee6863969be78d21acec5cd0ccf00476ddaa5c,f80984d28ef9a7550633fb3aea514f783f3db1fa655a6d3f49850b10857e6afc,C3,adamw,0.001,0.0001,5742764ef3bd686abf56fbeafa222ed2fa2784afb6f787533493cfe88190f71f,detector/relative_mahalanobis_raw,svhn,last,0.9126852886191354,0.026004695775438253,ood_metric/auroc_id_positive,OOD-1,up,id_train,id_test_vs_svhn,detector_declared,0.5530372874410981,0.14218401963027105,ood_metric/fpr95_id_tpr,OOD-4,down,id_train,id_test_vs_svhn,detector_declared,0.8698504474270398,0.03961041716285886,ood_metric/aupr_in_openood_auc,OOD-2,up,id_train,id_test_vs_svhn,detector_declared,0.9472604426656689,0.019170040102431212,ood_metric/aupr_out_openood_auc,OOD-3,up,id_train,id_test_vs_svhn,detector_declared
metric_contract_v1.2,c38b09694be88aa74de0741b39e9d3ba0d6ff61a,35a1a66f78dfd6255c4d804586ee6863969be78d21acec5cd0ccf00476ddaa5c,f80984d28ef9a7550633fb3aea514f783f3db1fa655a6d3f49850b10857e6afc,C3,adamw,0.001,0.0001,5742764ef3bd686abf56fbeafa222ed2fa2784afb6f787533493cfe88190f71f,detector/vim_author_dim,svhn,last,0.9591295559311616,0.007654843828650175,ood_metric/auroc_id_positive,OOD-1,up,id_train,id_test_vs_svhn,detector_declared,0.2721522229051424,0.055438315808559895,ood_metric/fpr95_id_tpr,OOD-4,down,id_train,id_test_vs_svhn,detector_declared,0.9391678149655917,0.007789892277984829,ood_metric/aupr_in_openood_auc,OOD-2,up,id_train,id_test_vs_svhn,detector_declared,0.9773457918909229,0.006752066768198157,ood_metric/aupr_out_openood_auc,OOD-3,up,id_train,id_test_vs_svhn,detector_declared
metric_contract_v1.2,c38b09694be88aa74de0741b39e9d3ba0d6ff61a,35a1a66f78dfd6255c4d804586ee6863969be78d21acec5cd0ccf00476ddaa5c,f80984d28ef9a7550633fb3aea514f783f3db1fa655a6d3f49850b10857e6afc,C3,adamw,0.001,0.0001,5742764ef3bd686abf56fbeafa222ed2fa2784afb6f787533493cfe88190f71f,ood_score/energy_t1,svhn,last,0.9256138637062077,0.012780966730296543,ood_metric/auroc_id_positive,OOD-1,up,,id_test_vs_svhn,detector_declared,0.5710791845933211,0.02305509579066266,ood_metric/fpr95_id_tpr,OOD-4,down,,id_test_vs_svhn,detector_declared,0.9059142714628924,0.028007050676307127,ood_metric/aupr_in_openood_auc,OOD-2,up,,id_test_vs_svhn,detector_declared,0.9397703823683211,0.004395705604565606,ood_metric/aupr_out_openood_auc,OOD-3,up,,id_test_vs_svhn,detector_declared
metric_contract_v1.2,c38b09694be88aa74de0741b39e9d3ba0d6ff61a,35a1a66f78dfd6255c4d804586ee6863969be78d21acec5cd0ccf00476ddaa5c,f80984d28ef9a7550633fb3aea514f783f3db1fa655a6d3f49850b10857e6afc,C3,adamw,0.001,0.0001,5742764ef3bd686abf56fbeafa222ed2fa2784afb6f787533493cfe88190f71f,ood_score/max_logit,svhn,last,0.9263187154271666,0.013403435608538397,ood_metric/auroc_id_positive,OOD-1,up,,id_test_vs_svhn,detector_declared,0.5510141364474492,0.014113045486422891,ood_metric/fpr95_id_tpr,OOD-4,down,,id_test_vs_svhn,detector_declared,0.9060344456081774,0.02825815394595468,ood_metric/aupr_in_openood_auc,OOD-2,up,,id_test_vs_svhn,detector_declared,0.9415303964447542,0.004583443669045463,ood_metric/aupr_out_openood_auc,OOD-3,up,,id_test_vs_svhn,detector_declared
metric_contract_v1.2,c38b09694be88aa74de0741b39e9d3ba0d6ff61a,35a1a66f78dfd6255c4d804586ee6863969be78d21acec5cd0ccf00476ddaa5c,f80984d28ef9a7550633fb3aea514f783f3db1fa655a6d3f49850b10857e6afc,C3,adamw,0.001,0.0001,5742764ef3bd686abf56fbeafa222ed2fa2784afb6f787533493cfe88190f71f,ood_score/msp,svhn,last,0.9268145532421634,0.021372731607336524,ood_metric/auroc_id_positive,OOD-1,up,,id_test_vs_svhn,detector_declared,0.5248796353206311,0.12369762731103032,ood_metric/fpr95_id_tpr,OOD-4,down,,id_test_vs_svhn,detector_declared,0.9008626811375183,0.029274212466413395,ood_metric/aupr_in_openood_auc,OOD-2,up,,id_test_vs_svhn,detector_declared,0.9563302064390852,0.014009666359102778,ood_metric/aupr_out_openood_auc,OOD-3,up,,id_test_vs_svhn,detector_declared
metric_contract_v1.2,c38b09694be88aa74de0741b39e9d3ba0d6ff61a,35a1a66f78dfd6255c4d804586ee6863969be78d21acec5cd0ccf00476ddaa5c,f80984d28ef9a7550633fb3aea514f783f3db1fa655a6d3f49850b10857e6afc,C4,sgd,0.3,0.0,7aa36ee28bf5fa9c0b29152bb63c02833c5c6d02ae2c4908d0256a35582c9d9c,detector/ctm_prototype_cosine,svhn,last,0.9860261050501946,0.001009593543091234,ood_metric/auroc_id_positive,OOD-1,up,id_train,id_test_vs_svhn,detector_declared,0.07946629788977667,0.0036888358082423304,ood_metric/fpr95_id_tpr,OOD-4,down,id_train,id_test_vs_svhn,detector_declared,0.9681541753817043,0.0021685389181247006,ood_metric/aupr_in_openood_auc,OOD-2,up,id_train,id_test_vs_svhn,detector_declared,0.9945402486268016,0.00042058769986220827,ood_metric/aupr_out_openood_auc,OOD-3,up,id_train,id_test_vs_svhn,detector_declared
metric_contract_v1.2,c38b09694be88aa74de0741b39e9d3ba0d6ff61a,35a1a66f78dfd6255c4d804586ee6863969be78d21acec5cd0ccf00476ddaa5c,f80984d28ef9a7550633fb3aea514f783f3db1fa655a6d3f49850b10857e6afc,C4,sgd,0.3,0.0,7aa36ee28bf5fa9c0b29152bb63c02833c5c6d02ae2c4908d0256a35582c9d9c,detector/knn_l2_k50,svhn,last,0.9849408292358124,0.002948640745311008,ood_metric/auroc_id_positive,OOD-1,up,id_train,id_test_vs_svhn,detector_declared,0.08552294611759885,0.018119413404374465,ood_metric/fpr95_id_tpr,OOD-4,down,id_train,id_test_vs_svhn,detector_declared,0.9655780094245069,0.0057139690208382185,ood_metric/aupr_in_openood_auc,OOD-2,up,id_train,id_test_vs_svhn,detector_declared,0.9941462673586899,0.0012190193650658476,ood_metric/aupr_out_openood_auc,OOD-3,up,id_train,id_test_vs_svhn,detector_declared
metric_contract_v1.2,c38b09694be88aa74de0741b39e9d3ba0d6ff61a,35a1a66f78dfd6255c4d804586ee6863969be78d21acec5cd0ccf00476ddaa5c,f80984d28ef9a7550633fb3aea514f783f3db1fa655a6d3f49850b10857e6afc,C4,sgd,0.3,0.0,7aa36ee28bf5fa9c0b29152bb63c02833c5c6d02ae2c4908d0256a35582c9d9c,detector/mahalanobis_pp,svhn,last,0.9886938678037286,0.002971807835325791,ood_metric/auroc_id_positive,OOD-1,up,id_train,id_test_vs_svhn,detector_declared,0.0627817045687359,0.01690124098181631,ood_metric/fpr95_id_tpr,OOD-4,down,id_train,id_test_vs_svhn,detector_declared,0.974536708921775,0.005633304027774168,ood_metric/aupr_in_openood_auc,OOD-2,up,id_train,id_test_vs_svhn,detector_declared,0.9954108052492799,0.0013567709041960917,ood_metric/aupr_out_openood_auc,OOD-3,up,id_train,id_test_vs_svhn,detector_declared
metric_contract_v1.2,c38b09694be88aa74de0741b39e9d3ba0d6ff61a,35a1a66f78dfd6255c4d804586ee6863969be78d21acec5cd0ccf00476ddaa5c,f80984d28ef9a7550633fb3aea514f783f3db1fa655a6d3f49850b10857e6afc,C4,sgd,0.3,0.0,7aa36ee28bf5fa9c0b29152bb63c02833c5c6d02ae2c4908d0256a35582c9d9c,detector/mahalanobis_raw,svhn,last,0.7986094460663798,0.06611240507589612,ood_metric/auroc_id_positive,OOD-1,up,id_train,id_test_vs_svhn,detector_declared,0.5691840811309158,0.14550478198616354,ood_metric/fpr95_id_tpr,OOD-4,down,id_train,id_test_vs_svhn,detector_declared,0.5674759725639187,0.08685032675660959,ood_metric/aupr_in_openood_auc,OOD-2,up,id_train,id_test_vs_svhn,detector_declared,0.9119199972682868,0.034252164895346,ood_metric/aupr_out_openood_auc,OOD-3,up,id_train,id_test_vs_svhn,detector_declared
metric_contract_v1.2,c38b09694be88aa74de0741b39e9d3ba0d6ff61a,35a1a66f78dfd6255c4d804586ee6863969be78d21acec5cd0ccf00476ddaa5c,f80984d28ef9a7550633fb3aea514f783f3db1fa655a6d3f49850b10857e6afc,C4,sgd,0.3,0.0,7aa36ee28bf5fa9c0b29152bb63c02833c5c6d02ae2c4908d0256a35582c9d9c,detector/neco_author_std_dim100,svhn,last,0.8148450970600288,0.062024968589338036,ood_metric/auroc_id_positive,OOD-1,up,id_train,id_test_vs_svhn,detector_declared,0.8560873796353206,0.06409746193852968,ood_metric/fpr95_id_tpr,OOD-4,down,id_train,id_test_vs_svhn,detector_declared,0.7665898555402291,0.07282418426333949,ood_metric/aupr_in_openood_auc,OOD-2,up,id_train,id_test_vs_svhn,detector_declared,0.872650342569346,0.03964043915782639,ood_metric/aupr_out_openood_auc,OOD-3,up,id_train,id_test_vs_svhn,detector_declared
metric_contract_v1.2,c38b09694be88aa74de0741b39e9d3ba0d6ff61a,35a1a66f78dfd6255c4d804586ee6863969be78d21acec5cd0ccf00476ddaa5c,f80984d28ef9a7550633fb3aea514f783f3db1fa655a6d3f49850b10857e6afc,C4,sgd,0.3,0.0,7aa36ee28bf5fa9c0b29152bb63c02833c5c6d02ae2c4908d0256a35582c9d9c,detector/relative_mahalanobis_pp,svhn,last,0.8922913798401967,0.010861452762541543,ood_metric/auroc_id_positive,OOD-1,up,id_train,id_test_vs_svhn,detector_declared,0.6533753329235812,0.0845635309829145,ood_metric/fpr95_id_tpr,OOD-4,down,id_train,id_test_vs_svhn,detector_declared,0.8432462848245464,0.0038404826871017844,ood_metric/aupr_in_openood_auc,OOD-2,up,id_train,id_test_vs_svhn,detector_declared,0.9311004199098623,0.011317785189145214,ood_metric/aupr_out_openood_auc,OOD-3,up,id_train,id_test_vs_svhn,detector_declared
metric_contract_v1.2,c38b09694be88aa74de0741b39e9d3ba0d6ff61a,35a1a66f78dfd6255c4d804586ee6863969be78d21acec5cd0ccf00476ddaa5c,f80984d28ef9a7550633fb3aea514f783f3db1fa655a6d3f49850b10857e6afc,C4,sgd,0.3,0.0,7aa36ee28bf5fa9c0b29152bb63c02833c5c6d02ae2c4908d0256a35582c9d9c,detector/relative_mahalanobis_raw,svhn,last,0.9046253303626305,0.023301033953622156,ood_metric/auroc_id_positive,OOD-1,up,id_train,id_test_vs_svhn,detector_declared,0.606420303216554,0.1369777529475326,ood_metric/fpr95_id_tpr,OOD-4,down,id_train,id_test_vs_svhn,detector_declared,0.8645360628500138,0.023173959566412033,ood_metric/aupr_in_openood_auc,OOD-2,up,id_train,id_test_vs_svhn,detector_declared,0.9337897751439282,0.018104028143116593,ood_metric/aupr_out_openood_auc,OOD-3,up,id_train,id_test_vs_svhn,detector_declared
metric_contract_v1.2,c38b09694be88aa74de0741b39e9d3ba0d6ff61a,35a1a66f78dfd6255c4d804586ee6863969be78d21acec5cd0ccf00476ddaa5c,f80984d28ef9a7550633fb3aea514f783f3db1fa655a6d3f49850b10857e6afc,C4,sgd,0.3,0.0,7aa36ee28bf5fa9c0b29152bb63c02833c5c6d02ae2c4908d0256a35582c9d9c,detector/vim_author_dim,svhn,last,0.978849156166769,0.0023840694029500236,ood_metric/auroc_id_positive,OOD-1,up,id_train,id_test_vs_svhn,detector_declared,0.12282319196885882,0.01846540856523033,ood_metric/fpr95_id_tpr,OOD-4,down,id_train,id_test_vs_svhn,detector_declared,0.9577383867588448,0.005223389847256472,ood_metric/aupr_in_openood_auc,OOD-2,up,id_train,id_test_vs_svhn,detector_declared,0.9911306056724342,0.0008445563512053081,ood_metric/aupr_out_openood_auc,OOD-3,up,id_train,id_test_vs_svhn,detector_declared
metric_contract_v1.2,c38b09694be88aa74de0741b39e9d3ba0d6ff61a,35a1a66f78dfd6255c4d804586ee6863969be78d21acec5cd0ccf00476ddaa5c,f80984d28ef9a7550633fb3aea514f783f3db1fa655a6d3f49850b10857e6afc,C4,sgd,0.3,0.0,7aa36ee28bf5fa9c0b29152bb63c02833c5c6d02ae2c4908d0256a35582c9d9c,ood_score/energy_t1,svhn,last,0.9670808889059619,0.00739357226025875,ood_metric/auroc_id_positive,OOD-1,up,,id_test_vs_svhn,detector_declared,0.19748770743700064,0.05080533782229864,ood_metric/fpr95_id_tpr,OOD-4,down,,id_test_vs_svhn,detector_declared,0.9457922696690026,0.010022924735079744,ood_metric/aupr_in_openood_auc,OOD-2,up,,id_test_vs_svhn,detector_declared,0.982667415434662,0.0050551789863649615,ood_metric/aupr_out_openood_auc,OOD-3,up,,id_test_vs_svhn,detector_declared
metric_contract_v1.2,c38b09694be88aa74de0741b39e9d3ba0d6ff61a,35a1a66f78dfd6255c4d804586ee6863969be78d21acec5cd0ccf00476ddaa5c,f80984d28ef9a7550633fb3aea514f783f3db1fa655a6d3f49850b10857e6afc,C4,sgd,0.3,0.0,7aa36ee28bf5fa9c0b29152bb63c02833c5c6d02ae2c4908d0256a35582c9d9c,ood_score/max_logit,svhn,last,0.9668840632042616,0.007317006826211973,ood_metric/auroc_id_positive,OOD-1,up,,id_test_vs_svhn,detector_declared,0.19689868879328007,0.04924621653745678,ood_metric/fpr95_id_tpr,OOD-4,down,,id_test_vs_svhn,detector_declared,0.9456511874653067,0.009939967739941064,ood_metric/aupr_in_openood_auc,OOD-2,up,,id_test_vs_svhn,detector_declared,0.9824311818493906,0.00509881911374829,ood_metric/aupr_out_openood_auc,OOD-3,up,,id_test_vs_svhn,detector_declared
metric_contract_v1.2,c38b09694be88aa74de0741b39e9d3ba0d6ff61a,35a1a66f78dfd6255c4d804586ee6863969be78d21acec5cd0ccf00476ddaa5c,f80984d28ef9a7550633fb3aea514f783f3db1fa655a6d3f49850b10857e6afc,C4,sgd,0.3,0.0,7aa36ee28bf5fa9c0b29152bb63c02833c5c6d02ae2c4908d0256a35582c9d9c,ood_score/msp,svhn,last,0.9309925021768081,0.008806543215291052,ood_metric/auroc_id_positive,OOD-1,up,,id_test_vs_svhn,detector_declared,0.525161339889367,0.07210571371760688,ood_metric/fpr95_id_tpr,OOD-4,down,,id_test_vs_svhn,detector_declared,0.9085965985028354,0.00900861491335702,ood_metric/aupr_in_openood_auc,OOD-2,up,,id_test_vs_svhn,detector_declared,0.9571425334311349,0.007388345638557806,ood_metric/aupr_out_openood_auc,OOD-3,up,,id_test_vs_svhn,detector_declared
metric_contract_v1.2,c38b09694be88aa74de0741b39e9d3ba0d6ff61a,35a1a66f78dfd6255c4d804586ee6863969be78d21acec5cd0ccf00476ddaa5c,f80984d28ef9a7550633fb3aea514f783f3db1fa655a6d3f49850b10857e6afc,C4,adam,0.0003,0.0001,3e2bac6d488d016b4c0a216c6e210e16bcc4ca139bf6356687dc98bc7c39ec78,detector/ctm_prototype_cosine,svhn,last,0.9043991356791641,0.013004925958112472,ood_metric/auroc_id_positive,OOD-1,up,id_train,id_test_vs_svhn,detector_declared,0.5778528989961074,0.045749598169022805,ood_metric/fpr95_id_tpr,OOD-4,down,id_train,id_test_vs_svhn,detector_declared,0.861233535706401,0.01805376574661667,ood_metric/aupr_in_openood_auc,OOD-2,up,id_train,id_test_vs_svhn,detector_declared,0.9478066927785829,0.007809298801043677,ood_metric/aupr_out_openood_auc,OOD-3,up,id_train,id_test_vs_svhn,detector_declared
metric_contract_v1.2,c38b09694be88aa74de0741b39e9d3ba0d6ff61a,35a1a66f78dfd6255c4d804586ee6863969be78d21acec5cd0ccf00476ddaa5c,f80984d28ef9a7550633fb3aea514f783f3db1fa655a6d3f49850b10857e6afc,C4,adam,0.0003,0.0001,3e2bac6d488d016b4c0a216c6e210e16bcc4ca139bf6356687dc98bc7c39ec78,detector/knn_l2_k50,svhn,last,0.900344701393157,0.011820097887274502,ood_metric/auroc_id_positive,OOD-1,up,id_train,id_test_vs_svhn,detector_declared,0.5622439049375129,0.03842294641582551,ood_metric/fpr95_id_tpr,OOD-4,down,id_train,id_test_vs_svhn,detector_declared,0.846641869476035,0.018494417091688878,ood_metric/aupr_in_openood_auc,OOD-2,up,id_train,id_test_vs_svhn,detector_declared,0.9478611326417785,0.006719955902807596,ood_metric/aupr_out_openood_auc,OOD-3,up,id_train,id_test_vs_svhn,detector_declared
metric_contract_v1.2,c38b09694be88aa74de0741b39e9d3ba0d6ff61a,35a1a66f78dfd6255c4d804586ee6863969be78d21acec5cd0ccf00476ddaa5c,f80984d28ef9a7550633fb3aea514f783f3db1fa655a6d3f49850b10857e6afc,C4,adam,0.0003,0.0001,3e2bac6d488d016b4c0a216c6e210e16bcc4ca139bf6356687dc98bc7c39ec78,detector/mahalanobis_pp,svhn,last,0.9445746850030732,0.008613860558997731,ood_metric/auroc_id_positive,OOD-1,up,id_train,id_test_vs_svhn,detector_declared,0.3212712558901864,0.038346481643010966,ood_metric/fpr95_id_tpr,OOD-4,down,id_train,id_test_vs_svhn,detector_declared,0.9001125655990911,0.01795682840454114,ood_metric/aupr_in_openood_auc,OOD-2,up,id_train,id_test_vs_svhn,detector_declared,0.9754086827047823,0.003590409362770011,ood_metric/aupr_out_openood_auc,OOD-3,up,id_train,id_test_vs_svhn,detector_declared
metric_contract_v1.2,c38b09694be88aa74de0741b39e9d3ba0d6ff61a,35a1a66f78dfd6255c4d804586ee6863969be78d21acec5cd0ccf00476ddaa5c,f80984d28ef9a7550633fb3aea514f783f3db1fa655a6d3f49850b10857e6afc,C4,adam,0.0003,0.0001,3e2bac6d488d016b4c0a216c6e210e16bcc4ca139bf6356687dc98bc7c39ec78,detector/mahalanobis_raw,svhn,last,0.6600797351977055,0.0692085973443383,ood_metric/auroc_id_positive,OOD-1,up,id_train,id_test_vs_svhn,detector_declared,0.916717885679164,0.05207453492989631,ood_metric/fpr95_id_tpr,OOD-4,down,id_train,id_test_vs_svhn,detector_declared,0.5340004954447709,0.07008348865786715,ood_metric/aupr_in_openood_auc,OOD-2,up,id_train,id_test_vs_svhn,detector_declared,0.7950134067755737,0.05193733096969896,ood_metric/aupr_out_openood_auc,OOD-3,up,id_train,id_test_vs_svhn,detector_declared
metric_contract_v1.2,c38b09694be88aa74de0741b39e9d3ba0d6ff61a,35a1a66f78dfd6255c4d804586ee6863969be78d21acec5cd0ccf00476ddaa5c,f80984d28ef9a7550633fb3aea514f783f3db1fa655a6d3f49850b10857e6afc,C4,adam,0.0003,0.0001,3e2bac6d488d016b4c0a216c6e210e16bcc4ca139bf6356687dc98bc7c39ec78,detector/neco_author_std_dim100,svhn,last,0.9123470638701088,0.056245394408616214,ood_metric/auroc_id_positive,OOD-1,up,id_train,id_test_vs_svhn,detector_declared,0.5051859250153656,0.23765073692484784,ood_metric/fpr95_id_tpr,OOD-4,down,id_train,id_test_vs_svhn,detector_declared,0.8711286912490127,0.07830607014200648,ood_metric/aupr_in_openood_auc,OOD-2,up,id_train,id_test_vs_svhn,detector_declared,0.9494376708666278,0.036764345606839756,ood_metric/aupr_out_openood_auc,OOD-3,up,id_train,id_test_vs_svhn,detector_declared
metric_contract_v1.2,c38b09694be88aa74de0741b39e9d3ba0d6ff61a,35a1a66f78dfd6255c4d804586ee6863969be78d21acec5cd0ccf00476ddaa5c,f80984d28ef9a7550633fb3aea514f783f3db1fa655a6d3f49850b10857e6afc,C4,adam,0.0003,0.0001,3e2bac6d488d016b4c0a216c6e210e16bcc4ca139bf6356687dc98bc7c39ec78,detector/relative_mahalanobis_pp,svhn,last,0.8661472200880967,0.020382473137498323,ood_metric/auroc_id_positive,OOD-1,up,id_train,id_test_vs_svhn,detector_declared,0.7521383937717682,0.03398846548438132,ood_metric/fpr95_id_tpr,OOD-4,down,id_train,id_test_vs_svhn,detector_declared,0.788475139038851,0.04735690746862316,ood_metric/aupr_in_openood_auc,OOD-2,up,id_train,id_test_vs_svhn,detector_declared,0.9117294394949172,0.010677036778789166,ood_metric/aupr_out_openood_auc,OOD-3,up,id_train,id_test_vs_svhn,detector_declared
metric_contract_v1.2,c38b09694be88aa74de0741b39e9d3ba0d6ff61a,35a1a66f78dfd6255c4d804586ee6863969be78d21acec5cd0ccf00476ddaa5c,f80984d28ef9a7550633fb3aea514f783f3db1fa655a6d3f49850b10857e6afc,C4,adam,0.0003,0.0001,3e2bac6d488d016b4c0a216c6e210e16bcc4ca139bf6356687dc98bc7c39ec78,detector/relative_mahalanobis_raw,svhn,last,0.9017867150686335,0.018488568142862375,ood_metric/auroc_id_positive,OOD-1,up,id_train,id_test_vs_svhn,detector_declared,0.6051142183978694,0.07244017108382178,ood_metric/fpr95_id_tpr,OOD-4,down,id_train,id_test_vs_svhn,detector_declared,0.8460840901670533,0.03859137385234739,ood_metric/aupr_in_openood_auc,OOD-2,up,id_train,id_test_vs_svhn,detector_declared,0.9375784779572394,0.01046853371497408,ood_metric/aupr_out_openood_auc,OOD-3,up,id_train,id_test_vs_svhn,detector_declared
metric_contract_v1.2,c38b09694be88aa74de0741b39e9d3ba0d6ff61a,35a1a66f78dfd6255c4d804586ee6863969be78d21acec5cd0ccf00476ddaa5c,f80984d28ef9a7550633fb3aea514f783f3db1fa655a6d3f49850b10857e6afc,C4,adam,0.0003,0.0001,3e2bac6d488d016b4c0a216c6e210e16bcc4ca139bf6356687dc98bc7c39ec78,detector/vim_author_dim,svhn,last,0.8858740780577751,0.013030818859823635,ood_metric/auroc_id_positive,OOD-1,up,id_train,id_test_vs_svhn,detector_declared,0.7849953902888752,0.08622086292544362,ood_metric/fpr95_id_tpr,OOD-4,down,id_train,id_test_vs_svhn,detector_declared,0.861549146091197,0.009204867667818629,ood_metric/aupr_in_openood_auc,OOD-2,up,id_train,id_test_vs_svhn,detector_declared,0.9178869478462731,0.014534030642909751,ood_metric/aupr_out_openood_auc,OOD-3,up,id_train,id_test_vs_svhn,detector_declared
metric_contract_v1.2,c38b09694be88aa74de0741b39e9d3ba0d6ff61a,35a1a66f78dfd6255c4d804586ee6863969be78d21acec5cd0ccf00476ddaa5c,f80984d28ef9a7550633fb3aea514f783f3db1fa655a6d3f49850b10857e6afc,C4,adam,0.0003,0.0001,3e2bac6d488d016b4c0a216c6e210e16bcc4ca139bf6356687dc98bc7c39ec78,ood_score/energy_t1,svhn,last,0.944173377637779,0.009123418434609816,ood_metric/auroc_id_positive,OOD-1,up,,id_test_vs_svhn,detector_declared,0.3512471829543126,0.05468340096777844,ood_metric/fpr95_id_tpr,OOD-4,down,,id_test_vs_svhn,detector_declared,0.9153662517586575,0.014533478926507687,ood_metric/aupr_in_openood_auc,OOD-2,up,,id_test_vs_svhn,detector_declared,0.9656379935925751,0.004854711484437337,ood_metric/aupr_out_openood_auc,OOD-3,up,,id_test_vs_svhn,detector_declared
metric_contract_v1.2,c38b09694be88aa74de0741b39e9d3ba0d6ff61a,35a1a66f78dfd6255c4d804586ee6863969be78d21acec5cd0ccf00476ddaa5c,f80984d28ef9a7550633fb3aea514f783f3db1fa655a6d3f49850b10857e6afc,C4,adam,0.0003,0.0001,3e2bac6d488d016b4c0a216c6e210e16bcc4ca139bf6356687dc98bc7c39ec78,ood_score/max_logit,svhn,last,0.943545420380045,0.009140604349352792,ood_metric/auroc_id_positive,OOD-1,up,,id_test_vs_svhn,detector_declared,0.3582769924195861,0.05764869939425718,ood_metric/fpr95_id_tpr,OOD-4,down,,id_test_vs_svhn,detector_declared,0.9147481044293994,0.014501809678256733,ood_metric/aupr_in_openood_auc,OOD-2,up,,id_test_vs_svhn,detector_declared,0.9657858383636292,0.004948531664365308,ood_metric/aupr_out_openood_auc,OOD-3,up,,id_test_vs_svhn,detector_declared
metric_contract_v1.2,c38b09694be88aa74de0741b39e9d3ba0d6ff61a,35a1a66f78dfd6255c4d804586ee6863969be78d21acec5cd0ccf00476ddaa5c,f80984d28ef9a7550633fb3aea514f783f3db1fa655a6d3f49850b10857e6afc,C4,adam,0.0003,0.0001,3e2bac6d488d016b4c0a216c6e210e16bcc4ca139bf6356687dc98bc7c39ec78,ood_score/msp,svhn,last,0.9153550412313051,0.009325190683207897,ood_metric/auroc_id_positive,OOD-1,up,,id_test_vs_svhn,detector_declared,0.5803242163491088,0.03222191648353338,ood_metric/fpr95_id_tpr,OOD-4,down,,id_test_vs_svhn,detector_declared,0.8845289235713127,0.013378931852271068,ood_metric/aupr_in_openood_auc,OOD-2,up,,id_test_vs_svhn,detector_declared,0.9484547435558954,0.0061388267653676295,ood_metric/aupr_out_openood_auc,OOD-3,up,,id_test_vs_svhn,detector_declared
metric_contract_v1.2,c38b09694be88aa74de0741b39e9d3ba0d6ff61a,35a1a66f78dfd6255c4d804586ee6863969be78d21acec5cd0ccf00476ddaa5c,f80984d28ef9a7550633fb3aea514f783f3db1fa655a6d3f49850b10857e6afc,C4,adamw,0.003,0.001,4039a31891b5637f4198ad78f79d97e89aa97f4ccd6efa5779b14c5b4203059e,detector/ctm_prototype_cosine,svhn,last,0.9890588685720139,0.0032639596177222604,ood_metric/auroc_id_positive,OOD-1,up,id_train,id_test_vs_svhn,detector_declared,0.061949395615652526,0.01876041418508674,ood_metric/fpr95_id_tpr,OOD-4,down,id_train,id_test_vs_svhn,detector_declared,0.9751908089581401,0.0072558757251067075,ood_metric/aupr_in_openood_auc,OOD-2,up,id_train,id_test_vs_svhn,detector_declared,0.9957247628604279,0.0012656702085145045,ood_metric/aupr_out_openood_auc,OOD-3,up,id_train,id_test_vs_svhn,detector_declared
metric_contract_v1.2,c38b09694be88aa74de0741b39e9d3ba0d6ff61a,35a1a66f78dfd6255c4d804586ee6863969be78d21acec5cd0ccf00476ddaa5c,f80984d28ef9a7550633fb3aea514f783f3db1fa655a6d3f49850b10857e6afc,C4,adamw,0.003,0.001,4039a31891b5637f4198ad78f79d97e89aa97f4ccd6efa5779b14c5b4203059e,detector/knn_l2_k50,svhn,last,0.9870389840708871,0.0003561361072092065,ood_metric/auroc_id_positive,OOD-1,up,id_train,id_test_vs_svhn,detector_declared,0.0767260807211637,0.0010423887005190716,ood_metric/fpr95_id_tpr,OOD-4,down,id_train,id_test_vs_svhn,detector_declared,0.9707799569141421,0.0005162051722991121,ood_metric/aupr_in_openood_auc,OOD-2,up,id_train,id_test_vs_svhn,detector_declared,0.9949387113693993,0.00018152224024419407,ood_metric/aupr_out_openood_auc,OOD-3,up,id_train,id_test_vs_svhn,detector_declared
metric_contract_v1.2,c38b09694be88aa74de0741b39e9d3ba0d6ff61a,35a1a66f78dfd6255c4d804586ee6863969be78d21acec5cd0ccf00476ddaa5c,f80984d28ef9a7550633fb3aea514f783f3db1fa655a6d3f49850b10857e6afc,C4,adamw,0.003,0.001,4039a31891b5637f4198ad78f79d97e89aa97f4ccd6efa5779b14c5b4203059e,detector/mahalanobis_pp,svhn,last,0.9906431148842451,0.0015237464267629116,ood_metric/auroc_id_positive,OOD-1,up,id_train,id_test_vs_svhn,detector_declared,0.049618418356894074,0.01034166751970211,ood_metric/fpr95_id_tpr,OOD-4,down,id_train,id_test_vs_svhn,detector_declared,0.9788523389036397,0.004530208195501359,ood_metric/aupr_in_openood_auc,OOD-2,up,id_train,id_test_vs_svhn,detector_declared,0.9958205300039777,0.00030590794785150904,ood_metric/aupr_out_openood_auc,OOD-3,up,id_train,id_test_vs_svhn,detector_declared
metric_contract_v1.2,c38b09694be88aa74de0741b39e9d3ba0d6ff61a,35a1a66f78dfd6255c4d804586ee6863969be78d21acec5cd0ccf00476ddaa5c,f80984d28ef9a7550633fb3aea514f783f3db1fa655a6d3f49850b10857e6afc,C4,adamw,0.003,0.001,4039a31891b5637f4198ad78f79d97e89aa97f4ccd6efa5779b14c5b4203059e,detector/mahalanobis_raw,svhn,last,0.7951970267363245,0.09171672964101117,ood_metric/auroc_id_positive,OOD-1,up,id_train,id_test_vs_svhn,detector_declared,0.5459946732227002,0.18672869338265627,ood_metric/fpr95_id_tpr,OOD-4,down,id_train,id_test_vs_svhn,detector_declared,0.5552274659186617,0.12790684642851338,ood_metric/aupr_in_openood_auc,OOD-2,up,id_train,id_test_vs_svhn,detector_declared,0.911643958340593,0.04759284530219973,ood_metric/aupr_out_openood_auc,OOD-3,up,id_train,id_test_vs_svhn,detector_declared
metric_contract_v1.2,c38b09694be88aa74de0741b39e9d3ba0d6ff61a,35a1a66f78dfd6255c4d804586ee6863969be78d21acec5cd0ccf00476ddaa5c,f80984d28ef9a7550633fb3aea514f783f3db1fa655a6d3f49850b10857e6afc,C4,adamw,0.003,0.001,4039a31891b5637f4198ad78f79d97e89aa97f4ccd6efa5779b14c5b4203059e,detector/neco_author_std_dim100,svhn,last,0.8668905027146078,0.07072954601669888,ood_metric/auroc_id_positive,OOD-1,up,id_train,id_test_vs_svhn,detector_declared,0.536621593935669,0.2170609489878062,ood_metric/fpr95_id_tpr,OOD-4,down,id_train,id_test_vs_svhn,detector_declared,0.7706141541300756,0.09646259956240869,ood_metric/aupr_in_openood_auc,OOD-2,up,id_train,id_test_vs_svhn,detector_declared,0.934855515577122,0.0417984824156374,ood_metric/aupr_out_openood_auc,OOD-3,up,id_train,id_test_vs_svhn,detector_declared
metric_contract_v1.2,c38b09694be88aa74de0741b39e9d3ba0d6ff61a,35a1a66f78dfd6255c4d804586ee6863969be78d21acec5cd0ccf00476ddaa5c,f80984d28ef9a7550633fb3aea514f783f3db1fa655a6d3f49850b10857e6afc,C4,adamw,0.003,0.001,4039a31891b5637f4198ad78f79d97e89aa97f4ccd6efa5779b14c5b4203059e,detector/relative_mahalanobis_pp,svhn,last,0.9141457347367342,0.004292196360854216,ood_metric/auroc_id_positive,OOD-1,up,id_train,id_test_vs_svhn,detector_declared,0.5611939151813153,0.026301371245000246,ood_metric/fpr95_id_tpr,OOD-4,down,id_train,id_test_vs_svhn,detector_declared,0.871368167181814,0.00730403909561863,ood_metric/aupr_in_openood_auc,OOD-2,up,id_train,id_test_vs_svhn,detector_declared,0.945492424260673,0.004400466306692732,ood_metric/aupr_out_openood_auc,OOD-3,up,id_train,id_test_vs_svhn,detector_declared
metric_contract_v1.2,c38b09694be88aa74de0741b39e9d3ba0d6ff61a,35a1a66f78dfd6255c4d804586ee6863969be78d21acec5cd0ccf00476ddaa5c,f80984d28ef9a7550633fb3aea514f783f3db1fa655a6d3f49850b10857e6afc,C4,adamw,0.003,0.001,4039a31891b5637f4198ad78f79d97e89aa97f4ccd6efa5779b14c5b4203059e,detector/relative_mahalanobis_raw,svhn,last,0.9286508131018234,0.0018860907750511983,ood_metric/auroc_id_positive,OOD-1,up,id_train,id_test_vs_svhn,detector_declared,0.4885653554599467,0.027322675880332326,ood_metric/fpr95_id_tpr,OOD-4,down,id_train,id_test_vs_svhn,detector_declared,0.8948826866452828,0.0055550586245350754,ood_metric/aupr_in_openood_auc,OOD-2,up,id_train,id_test_vs_svhn,detector_declared,0.9524382398064833,0.005017503608329355,ood_metric/aupr_out_openood_auc,OOD-3,up,id_train,id_test_vs_svhn,detector_declared
metric_contract_v1.2,c38b09694be88aa74de0741b39e9d3ba0d6ff61a,35a1a66f78dfd6255c4d804586ee6863969be78d21acec5cd0ccf00476ddaa5c,f80984d28ef9a7550633fb3aea514f783f3db1fa655a6d3f49850b10857e6afc,C4,adamw,0.003,0.001,4039a31891b5637f4198ad78f79d97e89aa97f4ccd6efa5779b14c5b4203059e,detector/vim_author_dim,svhn,last,0.9614899956463838,0.011412640048911401,ood_metric/auroc_id_positive,OOD-1,up,id_train,id_test_vs_svhn,detector_declared,0.26678703134603565,0.11904680004204359,ood_metric/fpr95_id_tpr,OOD-4,down,id_train,id_test_vs_svhn,detector_declared,0.9370656401365904,0.008745884137901212,ood_metric/aupr_in_openood_auc,OOD-2,up,id_train,id_test_vs_svhn,detector_declared,0.9813156399638366,0.008072337920183725,ood_metric/aupr_out_openood_auc,OOD-3,up,id_train,id_test_vs_svhn,detector_declared
metric_contract_v1.2,c38b09694be88aa74de0741b39e9d3ba0d6ff61a,35a1a66f78dfd6255c4d804586ee6863969be78d21acec5cd0ccf00476ddaa5c,f80984d28ef9a7550633fb3aea514f783f3db1fa655a6d3f49850b10857e6afc,C4,adamw,0.003,0.001,4039a31891b5637f4198ad78f79d97e89aa97f4ccd6efa5779b14c5b4203059e,ood_score/energy_t1,svhn,last,0.9218241369596395,0.008765729856062762,ood_metric/auroc_id_positive,OOD-1,up,,id_test_vs_svhn,detector_declared,0.6621209793075189,0.03826138012644028,ood_metric/fpr95_id_tpr,OOD-4,down,,id_test_vs_svhn,detector_declared,0.9066072106505058,0.01255407897663176,ood_metric/aupr_in_openood_auc,OOD-2,up,,id_test_vs_svhn,detector_declared,0.9328899433778309,0.006903070377315364,ood_metric/aupr_out_openood_auc,OOD-3,up,,id_test_vs_svhn,detector_declared
metric_contract_v1.2,c38b09694be88aa74de0741b39e9d3ba0d6ff61a,35a1a66f78dfd6255c4d804586ee6863969be78d21acec5cd0ccf00476ddaa5c,f80984d28ef9a7550633fb3aea514f783f3db1fa655a6d3f49850b10857e6afc,C4,adamw,0.003,0.001,4039a31891b5637f4198ad78f79d97e89aa97f4ccd6efa5779b14c5b4203059e,ood_score/max_logit,svhn,last,0.9225323960254047,0.008770506354661494,ood_metric/auroc_id_positive,OOD-1,up,,id_test_vs_svhn,detector_declared,0.6468577135832821,0.03978346951268004,ood_metric/fpr95_id_tpr,OOD-4,down,,id_test_vs_svhn,detector_declared,0.9067776899368948,0.012545052287506008,ood_metric/aupr_in_openood_auc,OOD-2,up,,id_test_vs_svhn,detector_declared,0.9346045134809899,0.006745224447385597,ood_metric/aupr_out_openood_auc,OOD-3,up,,id_test_vs_svhn,detector_declared
metric_contract_v1.2,c38b09694be88aa74de0741b39e9d3ba0d6ff61a,35a1a66f78dfd6255c4d804586ee6863969be78d21acec5cd0ccf00476ddaa5c,f80984d28ef9a7550633fb3aea514f783f3db1fa655a6d3f49850b10857e6afc,C4,adamw,0.003,0.001,4039a31891b5637f4198ad78f79d97e89aa97f4ccd6efa5779b14c5b4203059e,ood_score/msp,svhn,last,0.9340137010858433,0.003470142498117354,ood_metric/auroc_id_positive,OOD-1,up,,id_test_vs_svhn,detector_declared,0.5102438024994879,0.020131869702234507,ood_metric/fpr95_id_tpr,OOD-4,down,,id_test_vs_svhn,detector_declared,0.9114421609740987,0.005567405052411946,ood_metric/aupr_in_openood_auc,OOD-2,up,,id_test_vs_svhn,detector_declared,0.9590058450073783,0.002620188513973861,ood_metric/aupr_out_openood_auc,OOD-3,up,,id_test_vs_svhn,detector_declared
